combination,outcome,model,fold_group,n_train_rows,n_test_rows,test_categories,model_failed,model_reason,roc_auc_ovr_macro,balanced_accuracy,macro_f1,log_loss
M0,q1,logistic,P-001F33A876,2120,60,"1,2,3",False,,0.7650182602370599,0.3333333333333333,0.27831715210355984,0.7261722598463644
M0,q1,logistic,P-07BDD08C0C,2120,60,"1,2,3",False,,0.6709599700710812,0.3333333333333333,0.28205128205128205,0.8342581372420975
M0,q1,logistic,P-100AE58C58,2160,20,"1,2,3",False,,0.6054901960784314,0.3333333333333333,0.25,1.1346101095936594
M0,q1,logistic,P-11AD0DCE87,2140,40,1,False,,,1.0,1.0,0.35265411761617843
M0,q1,logistic,P-12AD0E59EB,2160,20,"1,2",False,,0.5789473684210527,0.5,0.48717948717948717,0.600069181611729
M0,q1,logistic,P-18A2FC7D4E,2120,60,"1,2,3",False,,0.8656719993687624,0.3333333333333333,0.2222222222222222,0.9150051568273283
M0,q1,logistic,P-1A38BC21DA,2120,60,"1,2,3",False,,0.5948293513651891,0.3333333333333333,0.26666666666666666,0.9141566973143577
M0,q1,logistic,P-1A815101A0,2140,40,"1,2,3",False,,0.9297977121817848,0.3333333333333333,0.29107981220657275,0.560901182346637
M0,q1,logistic,P-1CA9C1E745,2140,40,1,False,,,1.0,1.0,0.30011903085860786
M0,q1,logistic,P-244F9886F5,2160,20,"1,2,3",False,,0.5063732563732564,0.3333333333333333,0.15384615384615385,2.1125745574356474
M0,q1,logistic,P-247758AEAC,2140,40,"1,2",False,,0.7115987460815048,0.5,0.42028985507246375,0.6643650754714538
M0,q1,logistic,P-326C04EAEB,2160,20,"1,2",False,,0.7637362637362637,0.5,0.3939393939393939,0.7203431370593131
M0,q1,logistic,P-390B245CCC,2140,40,"1,2",False,,0.5214646464646465,0.5,0.3548387096774194,1.02839032669342
M0,q1,logistic,P-39DC795FB0,2120,60,"1,2,4",False,,0.4771212274993042,0.326241134751773,0.2893081761006289,0.8491035453520719
M0,q1,logistic,P-3D44F7B564,2160,20,1,False,,,0.85,0.4594594594594595,0.5784833833017264
M0,q1,logistic,P-3FD25AB949,2160,20,"1,2,3",False,,0.7942971380471381,0.3333333333333333,0.23655913978494625,0.9213814101103683
M0,q1,logistic,P-42CD4FF02E,2160,20,"1,2,3",False,,0.7111441798941799,0.3333333333333333,0.25,0.9996129316464912
M0,q1,logistic,P-484A6A61BE,2120,60,"1,2,3,4",False,,0.6372938443670151,0.25,0.125,1.6202028246603257
M0,q1,logistic,P-48B7FC4062,2160,20,"1,2,3",False,,0.6130283224400871,0.3333333333333333,0.2857142857142857,0.8795109351263092
M0,q1,logistic,P-4CEF5A2144,2140,40,"1,2",False,,0.8738738738738739,0.5,0.4805194805194805,0.4529507387508206
M0,q1,logistic,P-4D14B12359,2120,60,1,False,,,1.0,1.0,0.40924543355382537
M0,q1,logistic,P-4D43A127BA,2160,20,"1,2",False,,0.5,0.5,0.4444444444444444,0.625008363735874
M0,q1,logistic,P-541A203CCD,2100,80,"1,4",False,,0.4970833333333334,0.5,0.2,2.520207574512571
M0,q1,logistic,P-547A3B4455,2160,20,"2,3",False,,0.46875,0.0,0.0,1.6662924073411827
M0,q1,logistic,P-54C61641A8,2140,40,"1,2",False,,0.9656593406593406,0.5,0.3939393939393939,0.615280470389034
M0,q1,logistic,P-54FD02BC9C,2140,40,"1,2",False,,0.8160173160173161,0.5,0.4520547945205479,0.551851547787509
M0,q1,logistic,P-5E54A83C78,2140,40,"1,2,3,4",False,,0.4611502569504993,0.23529411764705882,0.14285714285714285,2.1280284481429685
M0,q1,logistic,P-67DCF8869F,2160,20,"1,2,4",False,,0.5834858387799564,0.3333333333333333,0.29411764705882354,0.8170284485220405
M0,q1,logistic,P-77327DFF2A,2160,20,"1,2,4",False,,0.7124112271171095,0.3333333333333333,0.15384615384615385,1.291988010672393
M0,q1,logistic,P-7A6E877C97,2140,40,1,False,,,1.0,1.0,0.3462896512743051
M0,q1,logistic,P-7BC40AF359,2160,20,"1,2,4",False,,0.6369395711500975,0.2962962962962963,0.2962962962962963,0.6846341168166796
M0,q1,logistic,P-7E974EA92D,2160,20,"1,2,3",False,,0.5389918926103138,0.3333333333333333,0.23655913978494625,1.0432812849760367
M0,q1,logistic,P-8016036889,2120,60,"1,2,3,4",False,,0.6205711902985674,0.25,0.11038961038961038,1.3866785992452173
M0,q1,logistic,P-80904DAF11,2160,20,"1,2,3",False,,0.7059358465608465,0.3333333333333333,0.2745098039215686,0.8346151609295884
M0,q1,logistic,P-826248DDD8,2140,40,"1,4",False,,0.858974358974359,0.5,0.4936708860759494,0.4033103816648044
M0,q1,logistic,P-8405CEC183,2160,20,"1,2,3,4",False,,0.40119356155540364,0.2222222222222222,0.14285714285714285,1.5330056557656817
M0,q1,logistic,P-8EB079D859,2160,20,1,False,,,1.0,1.0,0.360994153171224
M0,q1,logistic,P-8EB2F3E5EB,2140,40,1,False,,,1.0,1.0,0.3752051638061586
M0,q1,logistic,P-90ADD44D40,2160,20,"1,2,3,4",False,,0.5636640473497091,0.20833333333333334,0.10416666666666667,2.3367846405229526
M0,q1,logistic,P-942BF8DF1B,2120,60,"1,2,3,4",False,,0.5179678552604986,0.2386968085106383,0.23026315789473684,0.8389353973081263
M0,q1,logistic,P-95F33174C1,2120,60,1,False,,,1.0,1.0,0.32021319371864815
M0,q1,logistic,P-9EF7F8A151,2160,20,"1,2,3,4",False,,0.5868619684409158,0.25,0.12962962962962962,1.0719209804514571
M0,q1,logistic,P-AE146C9DF8,2140,40,"1,2,3",False,,0.5805505258630258,0.3333333333333333,0.2962962962962963,0.6072726658355518
M0,q1,logistic,P-AE42FA6330,2160,20,"1,2,3,4",False,,0.6829885800474036,0.25,0.1346153846153846,1.6591364216380307
M0,q1,logistic,P-AF79D1DE3B,2160,20,"1,2,3,4",False,,0.7087616099071207,0.25,0.1,1.8791659201042772
M0,q1,logistic,P-B561FC8AA0,2160,20,"1,2",False,,0.8823529411764706,0.5,0.4594594594594595,0.4614071318570495
M0,q1,logistic,P-B687D84AC3,2160,20,1,False,,,1.0,1.0,0.26627271411898407
M0,q1,logistic,P-BAAF612E97,2160,20,"1,2,3",False,,0.8079975579975581,0.3333333333333333,0.2626262626262626,0.8105295899765987
M0,q1,logistic,P-BABD47FD2A,2140,40,"1,2",False,,0.9,0.5,0.4666666666666667,0.4308604419645995
M0,q1,logistic,P-BD38D55D80,2120,60,1,False,,,1.0,1.0,0.36011752526007784
M0,q1,logistic,P-BD4404A67C,2120,60,"1,2,3,4",False,,0.5502329120246711,0.25,0.18085106382978725,1.1422090437304027
M0,q1,logistic,P-C27F41C52B,2120,60,"1,2,4",False,,0.5635773558445543,0.3333333333333333,0.24113475177304966,0.9854815552933153
M0,q1,logistic,P-C783B3EE0A,2140,40,"1,3",False,,0.9605263157894737,0.5,0.48717948717948717,0.48702708842719966
M0,q1,logistic,P-CB0D54D7B6,2160,20,"1,2,3,4",False,,0.7274265766912826,0.25,0.15517241379310345,1.3998647868279757
M0,q1,logistic,P-CE34173F77,2160,20,"1,2,3",False,,0.7438949938949939,0.3333333333333333,0.2626262626262626,0.8078898889108437
M0,q1,logistic,P-D7469723BB,2160,20,"1,2,4",False,,0.6541176470588236,0.3333333333333333,0.25,1.130503222218659
M0,q1,logistic,P-ECFB6C2EB9,2160,20,"1,2",False,,1.0,0.9736842105263157,0.8198198198198199,0.5477691246582176
M0,q1,logistic,P-EDDA35F3C7,2160,20,"1,2,3,4",False,,0.5844706253713607,0.25,0.047619047619047616,2.507536913484894
M0,q1,logistic,P-EFFF04CC6B,2140,40,"1,2",False,,0.47135416666666663,0.5,0.375,0.8752720595934586
M0,q1,logistic,P-F3CCAA8842,2120,60,1,False,,,0.9333333333333333,0.4827586206896552,0.549365285539886
M0,q1,logistic,P-FE9CDC44BE,2140,40,"1,2,3",False,,0.5206993527306026,0.3333333333333333,0.09929078014184396,1.2993725973951782
M0,q1,random_forest,P-001F33A876,2120,60,"1,2,3",False,,0.6705759530935248,0.4056847545219638,0.40356744704570796,0.7714146509278532
M0,q1,random_forest,P-07BDD08C0C,2120,60,"1,2,3",False,,0.6788865039281706,0.3333333333333333,0.28205128205128205,0.8678501005470033
M0,q1,random_forest,P-100AE58C58,2160,20,"1,2,3",False,,0.5419771241830066,0.3055555555555555,0.24444444444444444,1.4234879380196246
M0,q1,random_forest,P-11AD0DCE87,2140,40,1,False,,,0.95,0.48717948717948717,0.4216503051163743
M0,q1,random_forest,P-12AD0E59EB,2160,20,"1,2",False,,0.2894736842105263,0.3684210526315789,0.4117647058823529,0.6579010996642476
M0,q1,random_forest,P-18A2FC7D4E,2120,60,"1,2,3",False,,0.6130801888406383,0.367816091954023,0.29238505747126436,0.9602994670405623
M0,q1,random_forest,P-1A38BC21DA,2120,60,"1,2,3",False,,0.5535977478846836,0.3333333333333333,0.26666666666666666,0.9928318675907225
M0,q1,random_forest,P-1A815101A0,2140,40,"1,2,3",False,,0.8237362575820236,0.342741935483871,0.33416252072968494,0.61597898869274
M0,q1,random_forest,P-1CA9C1E745,2140,40,1,False,,,1.0,1.0,0.2362466869656517
M0,q1,random_forest,P-244F9886F5,2160,20,"1,2,3",False,,0.5513892425657132,0.3333333333333333,0.16666666666666666,2.097788198302808
M0,q1,random_forest,P-247758AEAC,2140,40,"1,2",False,,0.6347962382445141,0.6191222570532915,0.6307692307692307,0.6907932707782676
M0,q1,random_forest,P-326C04EAEB,2160,20,"1,2",False,,0.6263736263736264,0.5,0.3939393939393939,0.7962687048057093
M0,q1,random_forest,P-390B245CCC,2140,40,"1,2",False,,0.5126262626262627,0.5,0.3548387096774194,1.0375263271717154
M0,q1,random_forest,P-39DC795FB0,2120,60,"1,2,4",False,,0.43598832437745666,0.2765957446808511,0.2653061224489796,0.9545767591628211
M0,q1,random_forest,P-3D44F7B564,2160,20,1,False,,,0.6,0.375,0.7187512376995301
M0,q1,random_forest,P-3FD25AB949,2160,20,"1,2,3",False,,0.8315723019670388,0.375,0.3185185185185185,0.8976110153899723
M0,q1,random_forest,P-42CD4FF02E,2160,20,"1,2,3",False,,0.5641534391534392,0.3055555555555555,0.24444444444444444,1.0907303891785751
M0,q1,random_forest,P-484A6A61BE,2120,60,"1,2,3,4",False,,0.5704883567319382,0.2638888888888889,0.15367965367965367,1.9457034194704173
M0,q1,random_forest,P-48B7FC4062,2160,20,"1,2,3",False,,0.5344444444444445,0.3111111111111111,0.2745098039215686,0.9793855722660713
M0,q1,random_forest,P-4CEF5A2144,2140,40,"1,2",False,,0.4729729729729729,0.5,0.4805194805194805,0.5180176491887573
M0,q1,random_forest,P-4D14B12359,2120,60,1,False,,,0.9666666666666667,0.4915254237288136,0.4876505699592075
M0,q1,random_forest,P-4D43A127BA,2160,20,"1,2",False,,0.5078125,0.46875,0.42857142857142855,0.7028903951256922
M0,q1,random_forest,P-541A203CCD,2100,80,"1,4",False,,0.4675,0.475,0.12794612794612795,3.048577028836538
M0,q1,random_forest,P-547A3B4455,2160,20,"2,3",False,,0.4453125,0.125,0.13333333333333333,1.6849343224625357
M0,q1,random_forest,P-54C61641A8,2140,40,"1,2",False,,0.8695054945054945,0.6785714285714286,0.6893874029335634,0.6535236609686054
M0,q1,random_forest,P-54FD02BC9C,2140,40,"1,2",False,,0.7402597402597403,0.6991341991341992,0.7364953886693018,0.5585206606379908
M0,q1,random_forest,P-5E54A83C78,2140,40,"1,2,3,4",False,,0.607614546839207,0.4852941176470588,0.31212121212121213,1.7667081717664026
M0,q1,random_forest,P-67DCF8869F,2160,20,"1,2,4",False,,0.7341830065359477,0.5,0.4458333333333333,0.7871671325967099
M0,q1,random_forest,P-77327DFF2A,2160,20,"1,2,4",False,,0.6462595139065727,0.393939393939394,0.2691511387163561,1.4048301340755334
M0,q1,random_forest,P-7A6E877C97,2140,40,1,False,,,0.975,0.4936708860759494,0.32567920364719816
M0,q1,random_forest,P-7BC40AF359,2160,20,"1,2,4",False,,0.6403508771929824,0.2777777777777778,0.2857142857142857,0.7517143991885333
M0,q1,random_forest,P-7E974EA92D,2160,20,"1,2,3",False,,0.4233674463937622,0.3333333333333333,0.23655913978494625,1.1418212412632491
M0,q1,random_forest,P-8016036889,2120,60,"1,2,3,4",False,,0.5680634268795581,0.2642857142857143,0.14410855376159395,1.553159105376275
M0,q1,random_forest,P-80904DAF11,2160,20,"1,2,3",False,,0.5130621693121693,0.30952380952380953,0.2626262626262626,0.9977523136708072
M0,q1,random_forest,P-826248DDD8,2140,40,"1,4",False,,0.8717948717948718,0.48717948717948717,0.3247863247863248,0.353267184324085
M0,q1,random_forest,P-8405CEC183,2160,20,"1,2,3,4",False,,0.5526493791296423,0.2569444444444444,0.2025,1.5530430905975974
M0,q1,random_forest,P-8EB079D859,2160,20,1,False,,,1.0,1.0,0.3586512645869166
M0,q1,random_forest,P-8EB2F3E5EB,2140,40,1,False,,,0.975,0.4936708860759494,0.45864310298944966
M0,q1,random_forest,P-90ADD44D40,2160,20,"1,2,3,4",False,,0.5660872522085757,0.20833333333333334,0.10416666666666667,2.1757853157764444
M0,q1,random_forest,P-942BF8DF1B,2120,60,"1,2,3,4",False,,0.5430576202331747,0.19148936170212766,0.1935483870967742,0.9224018604789387
M0,q1,random_forest,P-95F33174C1,2120,60,1,False,,,0.9666666666666667,0.4915254237288136,0.43615500219411757
M0,q1,random_forest,P-9EF7F8A151,2160,20,"1,2,3,4",False,,0.6076423576423576,0.2694805194805195,0.23669467787114845,1.1133971902791928
M0,q1,random_forest,P-AE146C9DF8,2140,40,"1,2,3",False,,0.6843655476467977,0.38095238095238093,0.3838028169014085,0.5730073470242368
M0,q1,random_forest,P-AE42FA6330,2160,20,"1,2,3,4",False,,0.5717517776341305,0.25,0.14,1.940559352224621
M0,q1,random_forest,P-AF79D1DE3B,2160,20,"1,2,3,4",False,,0.5814629264784064,0.2833333333333333,0.18695652173913044,2.0068929611221704
M0,q1,random_forest,P-B561FC8AA0,2160,20,"1,2",False,,0.892156862745098,0.47058823529411764,0.4444444444444444,0.43449150818638227
M0,q1,random_forest,P-B687D84AC3,2160,20,1,False,,,1.0,1.0,0.13459266210030602
M0,q1,random_forest,P-BAAF612E97,2160,20,"1,2,3",False,,0.6714382109118952,0.3888888888888889,0.3629032258064517,0.8705682440132732
M0,q1,random_forest,P-BABD47FD2A,2140,40,"1,2",False,,0.8314285714285714,0.5,0.4666666666666667,0.3861612136497093
M0,q1,random_forest,P-BD38D55D80,2120,60,1,False,,,1.0,1.0,0.3440722782490351
M0,q1,random_forest,P-BD4404A67C,2120,60,"1,2,3,4",False,,0.5720887274438884,0.2833333333333333,0.24236874236874237,1.2324270937564303
M0,q1,random_forest,P-C27F41C52B,2120,60,"1,2,4",False,,0.5052196012694518,0.3466666666666667,0.2693686242073339,1.093403616936264
M0,q1,random_forest,P-C783B3EE0A,2140,40,"1,3",False,,0.8947368421052632,0.47368421052631576,0.32,0.48650522136840635
M0,q1,random_forest,P-CB0D54D7B6,2160,20,"1,2,3,4",False,,0.6394671504965622,0.25,0.15517241379310345,1.4965068244880562
M0,q1,random_forest,P-CE34173F77,2160,20,"1,2,3",False,,0.7223989460831567,0.39316239316239315,0.3862068965517242,0.81386904376935
M0,q1,random_forest,P-D7469723BB,2160,20,"1,2,4",False,,0.6607598039215686,0.3333333333333333,0.25,1.31049541786292
M0,q1,random_forest,P-ECFB6C2EB9,2160,20,"1,2",False,,0.9736842105263158,0.868421052631579,0.5670995670995671,0.6289525031031825
M0,q1,random_forest,P-EDDA35F3C7,2160,20,"1,2,3,4",False,,0.6027346071004159,0.25,0.05,2.9074442753969056
M0,q1,random_forest,P-EFFF04CC6B,2140,40,"1,2",False,,0.48307291666666663,0.40625,0.3592677345537757,0.9255976666622476
M0,q1,random_forest,P-F3CCAA8842,2120,60,1,False,,,0.9333333333333333,0.4827586206896552,0.49927656051440894
M0,q1,random_forest,P-FE9CDC44BE,2140,40,"1,2,3",False,,0.5190855151792652,0.3958333333333333,0.21908429610611893,1.4027015333724957
M0,q2,logistic,P-001F33A876,2120,60,"2,3,4",False,,0.5142131078344615,0.3333333333333333,0.16033755274261605,0.9640234526567896
M0,q2,logistic,P-07BDD08C0C,2120,60,"2,3,4",False,,0.4940037166780588,0.3333333333333333,0.21455938697318008,1.0532830962864932
M0,q2,logistic,P-100AE58C58,2160,20,4,False,,,0.0,0.0,0.9147801956481633
M0,q2,logistic,P-11AD0DCE87,2140,40,"2,3",False,,0.9871794871794872,0.3333333333333333,0.2626262626262626,0.8101846431156545
M0,q2,logistic,P-12AD0E59EB,2160,20,4,False,,,0.0,0.0,1.1151055237609975
M0,q2,logistic,P-18A2FC7D4E,2120,60,"2,3",False,,0.683125,0.425,0.1511111111111111,1.5520407765227096
M0,q2,logistic,P-1A38BC21DA,2120,60,"3,4",False,,0.3036363636363636,0.45454545454545453,0.45454545454545453,0.8230779985553566
M0,q2,logistic,P-1A815101A0,2140,40,"3,4",False,,0.5913978494623656,0.5,0.1836734693877551,0.9344662355556832
M0,q2,logistic,P-1CA9C1E745,2140,40,"2,3,4",False,,0.6363260582010583,0.3611111111111111,0.3052503052503052,0.9081375830682308
M0,q2,logistic,P-244F9886F5,2160,20,"3,4",False,,0.5625,0.5,0.16666666666666666,1.0115303695659132
M0,q2,logistic,P-247758AEAC,2140,40,"2,3",False,,0.41714285714285715,0.42857142857142855,0.2857142857142857,0.9482482714704343
M0,q2,logistic,P-326C04EAEB,2160,20,"2,3,4",False,,0.680871212121212,0.3333333333333333,0.19047619047619047,0.902494093809255
M0,q2,logistic,P-390B245CCC,2140,40,"2,3,4",False,,0.7620268277800039,0.3666666666666667,0.27899686520376177,1.0618060844833959
M0,q2,logistic,P-39DC795FB0,2120,60,"1,2,3,4",False,,0.5975851651415353,0.2811438561438562,0.21372608872608873,1.4156914310626962
M0,q2,logistic,P-3D44F7B564,2160,20,"2,3,4",False,,0.4136904761904762,0.3333333333333333,0.15384615384615385,1.2464920192146427
M0,q2,logistic,P-3FD25AB949,2160,20,"2,3,4",False,,0.5782385256069467,0.3333333333333333,0.19047619047619047,0.9218915975108732
M0,q2,logistic,P-42CD4FF02E,2160,20,"2,3,4",False,,0.5191630591630592,0.3333333333333333,0.20689655172413793,1.132883505593901
M0,q2,logistic,P-484A6A61BE,2120,60,"1,2,3,4",False,,0.5821373615491263,0.3214285714285714,0.24525474525474525,1.548148984983918
M0,q2,logistic,P-48B7FC4062,2160,20,"2,3,4",False,,0.4924143692564746,0.3333333333333333,0.13333333333333333,0.9634897754974242
M0,q2,logistic,P-4CEF5A2144,2140,40,"2,3,4",False,,0.6422442002442003,0.3333333333333333,0.1761006289308176,0.9642529871387818
M0,q2,logistic,P-4D14B12359,2120,60,"2,3,4",False,,0.6733374384236454,0.22023809523809523,0.2542955326460481,0.8802306921848718
M0,q2,logistic,P-4D43A127BA,2160,20,"2,3,4",False,,0.6357501975149034,0.34761904761904766,0.28835978835978837,0.9918326683902073
M0,q2,logistic,P-541A203CCD,2100,80,4,False,,,0.0,0.0,0.9927737697327682
M0,q2,logistic,P-547A3B4455,2160,20,3,False,,,1.0,1.0,0.8066535243323643
M0,q2,logistic,P-54C61641A8,2140,40,"2,3,4",False,,0.44411787043365997,0.31313131313131315,0.29107981220657275,0.8851037480038861
M0,q2,logistic,P-54FD02BC9C,2140,40,"2,3,4",False,,0.7549267107161844,0.39999999999999997,0.4166666666666667,0.8379900807331394
M0,q2,logistic,P-5E54A83C78,2140,40,"1,2,3,4",False,,0.6785504725159898,0.29545454545454547,0.17365967365967366,1.9965575535296565
M0,q2,logistic,P-67DCF8869F,2160,20,"2,3",False,,0.5885416666666666,0.4375,0.1728395061728395,1.5754835851179487
M0,q2,logistic,P-77327DFF2A,2160,20,"1,2,3,4",False,,0.601088056680162,0.25,0.14285714285714285,1.4160827695109537
M0,q2,logistic,P-7A6E877C97,2140,40,"2,3,4",False,,0.6020818399044205,0.2795698924731183,0.2626262626262626,0.9343056450863235
M0,q2,logistic,P-7BC40AF359,2160,20,"1,2,3",False,,0.4871031746031746,0.3333333333333333,0.15384615384615385,2.2816071011662102
M0,q2,logistic,P-7E974EA92D,2160,20,"2,3,4",False,,0.4976851851851852,0.3333333333333333,0.2745098039215686,0.9346004414152072
M0,q2,logistic,P-8016036889,2120,60,"1,2,3",False,,0.7210510100088644,0.3333333333333333,0.19607843137254902,1.5161510279799997
M0,q2,logistic,P-80904DAF11,2160,20,"2,3,4",False,,0.7033810487757856,0.3333333333333333,0.25,0.8653736534121705
M0,q2,logistic,P-826248DDD8,2140,40,"3,4",False,,0.677115987460815,0.5,0.21568627450980393,0.8873868043974218
M0,q2,logistic,P-8405CEC183,2160,20,3,False,,,0.9,0.47368421052631576,0.8057884870597908
M0,q2,logistic,P-8EB079D859,2160,20,"3,4",False,,0.5784313725490197,0.5,0.13043478260869565,0.9837471557446198
M0,q2,logistic,P-8EB2F3E5EB,2140,40,"2,3",False,,0.8055555555555556,0.4027777777777778,0.2801932367149758,0.8867084110174751
M0,q2,logistic,P-90ADD44D40,2160,20,"1,2,3,4",False,,0.5120254255548373,0.25,0.14,2.081209997029997
M0,q2,logistic,P-942BF8DF1B,2120,60,"1,3,4",False,,0.5745282239483845,0.3333333333333333,0.1728395061728395,1.0411705732116494
M0,q2,logistic,P-95F33174C1,2120,60,"3,4",False,,0.5033370411568409,0.5172413793103449,0.37777777777777777,0.8279447491514695
M0,q2,logistic,P-9EF7F8A151,2160,20,"3,4",False,,0.13157894736842105,0.5,0.047619047619047616,1.1049060762023406
M0,q2,logistic,P-AE146C9DF8,2140,40,4,False,,,0.0,0.0,0.9768023287967914
M0,q2,logistic,P-AE42FA6330,2160,20,"2,3,4",False,,0.5265969410706253,0.3333333333333333,0.1728395061728395,1.5651741857476866
M0,q2,logistic,P-AF79D1DE3B,2160,20,"2,3,4",False,,0.3415750915750915,0.2683982683982684,0.1865079365079365,1.0424427249855688
M0,q2,logistic,P-B561FC8AA0,2160,20,"3,4",False,,0.625,0.5,0.09090909090909091,0.943346518696573
M0,q2,logistic,P-B687D84AC3,2160,20,"3,4",False,,0.6130952380952381,0.5,0.4117647058823529,0.7881759599954729
M0,q2,logistic,P-BAAF612E97,2160,20,"2,3",False,,0.6822916666666667,0.4166666666666667,0.2222222222222222,1.2014041421606094
M0,q2,logistic,P-BABD47FD2A,2140,40,"2,3,4",False,,0.64466933440249,0.44246031746031744,0.39194139194139194,1.1791549189403245
M0,q2,logistic,P-BD38D55D80,2120,60,"2,3,4",False,,0.6141118286216325,0.3333333333333333,0.13333333333333333,1.087014610087691
M0,q2,logistic,P-BD4404A67C,2120,60,"1,2,3,4",False,,0.6922798315092511,0.2651888341543514,0.20445736434108527,1.0509842196470613
M0,q2,logistic,P-C27F41C52B,2120,60,"3,4",False,,0.5802310654685494,0.5263157894736842,0.45999999999999996,0.7994444827506458
M0,q2,logistic,P-C783B3EE0A,2140,40,4,False,,,0.0,0.0,1.019632848136456
M0,q2,logistic,P-CB0D54D7B6,2160,20,"2,3,4",False,,0.7069998227892965,0.3666666666666667,0.2748917748917749,0.9011042184740825
M0,q2,logistic,P-CE34173F77,2160,20,"3,4",False,,0.5234375,0.5,0.16666666666666666,0.9505743115723456
M0,q2,logistic,P-D7469723BB,2160,20,"2,3,4",False,,0.612196526670211,0.3333333333333333,0.23655913978494625,1.3427157197979045
M0,q2,logistic,P-ECFB6C2EB9,2160,20,"3,4",False,,0.635,0.5,0.3333333333333333,0.8854171653422297
M0,q2,logistic,P-EDDA35F3C7,2160,20,"1,2,3",False,,0.6099916457811195,0.35714285714285715,0.18333333333333335,1.6943136657098399
M0,q2,logistic,P-EFFF04CC6B,2140,40,"3,4",False,,0.43898809523809523,0.48214285714285715,0.40298507462686567,0.8344845684617649
M0,q2,logistic,P-F3CCAA8842,2120,60,"2,3,4",False,,0.6615557607350283,0.42857142857142855,0.182214948172395,1.2323286326936291
M0,q2,logistic,P-FE9CDC44BE,2140,40,"2,3",False,,0.8918918918918919,0.4189189189189189,0.29107981220657275,0.860269410198477
M0,q2,random_forest,P-001F33A876,2120,60,"2,3,4",False,,0.417038724960021,0.26990553306342785,0.2354048964218456,1.0648789909572214
M0,q2,random_forest,P-07BDD08C0C,2120,60,"2,3,4",False,,0.5024104437229439,0.2727272727272727,0.24775985663082437,1.1046531779085043
M0,q2,random_forest,P-100AE58C58,2160,20,4,False,,,0.4,0.2857142857142857,0.87989567729022
M0,q2,random_forest,P-11AD0DCE87,2140,40,"2,3",False,,0.5384615384615384,0.358974358974359,0.2745098039215686,0.7328680228094698
M0,q2,random_forest,P-12AD0E59EB,2160,20,4,False,,,0.25,0.13333333333333333,1.1581508097225324
M0,q2,random_forest,P-18A2FC7D4E,2120,60,"2,3",False,,0.6475,0.275,0.1286549707602339,1.6649753667380465
M0,q2,random_forest,P-1A38BC21DA,2120,60,"3,4",False,,0.6145454545454546,0.5545454545454546,0.3179830953074905,1.0855867116099982
M0,q2,random_forest,P-1A815101A0,2140,40,"3,4",False,,0.456989247311828,0.36738351254480284,0.21572535991140643,1.020204276510924
M0,q2,random_forest,P-1CA9C1E745,2140,40,"2,3,4",False,,0.5709738756613757,0.36111111111111116,0.3283154121863799,0.9498838225521198
M0,q2,random_forest,P-244F9886F5,2160,20,"3,4",False,,0.625,0.65625,0.5604395604395604,0.9552069363895146
M0,q2,random_forest,P-247758AEAC,2140,40,"2,3",False,,0.3628571428571429,0.2714285714285714,0.21839080459770113,1.0516141821123468
M0,q2,random_forest,P-326C04EAEB,2160,20,"2,3,4",False,,0.8007708665603402,0.38257575757575757,0.3277777777777778,0.8859766245923513
M0,q2,random_forest,P-390B245CCC,2140,40,"2,3,4",False,,0.512372833861037,0.35725677830940983,0.30158730158730157,1.1935660968947395
M0,q2,random_forest,P-39DC795FB0,2120,60,"1,2,3,4",False,,0.5162815217961547,0.11788211788211787,0.12552211302211302,1.4472692654095929
M0,q2,random_forest,P-3D44F7B564,2160,20,"2,3,4",False,,0.5535714285714286,0.40277777777777785,0.3181818181818182,1.2984173096498908
M0,q2,random_forest,P-3FD25AB949,2160,20,"2,3,4",False,,0.7494739057239057,0.40151515151515155,0.37566137566137564,0.8524670941781947
M0,q2,random_forest,P-42CD4FF02E,2160,20,"2,3,4",False,,0.517008177008177,0.3333333333333333,0.2888888888888889,1.1535161185697238
M0,q2,random_forest,P-484A6A61BE,2120,60,"1,2,3,4",False,,0.5520292496556687,0.29365079365079366,0.189792663476874,1.6416690970040029
M0,q2,random_forest,P-48B7FC4062,2160,20,"2,3,4",False,,0.6379197994987469,0.2714285714285714,0.20526315789473681,1.0066961571161335
M0,q2,random_forest,P-4CEF5A2144,2140,40,"2,3,4",False,,0.5394945054945055,0.25142857142857145,0.16111111111111112,1.2281381218134582
M0,q2,random_forest,P-4D14B12359,2120,60,"2,3,4",False,,0.7345032840722495,0.5119047619047619,0.2717171717171717,0.8864846386283775
M0,q2,random_forest,P-4D43A127BA,2160,20,"2,3,4",False,,0.43948071536306826,0.21428571428571427,0.19254658385093168,1.1101514327539423
M0,q2,random_forest,P-541A203CCD,2100,80,4,False,,,0.1375,0.12087912087912088,1.1535746427518974
M0,q2,random_forest,P-547A3B4455,2160,20,3,False,,,0.55,0.3548387096774194,0.873360789160331
M0,q2,random_forest,P-54C61641A8,2140,40,"2,3,4",False,,0.5775742386268702,0.2888888888888889,0.28366013071895424,0.822113438204708
M0,q2,random_forest,P-54FD02BC9C,2140,40,"2,3,4",False,,0.5622047543100175,0.33535353535353535,0.3000604960677556,0.8890095242504212
M0,q2,random_forest,P-5E54A83C78,2140,40,"1,2,3,4",False,,0.6658070664967217,0.30000000000000004,0.1912087912087912,1.8368088916004084
M0,q2,random_forest,P-67DCF8869F,2160,20,"2,3",False,,0.5572916666666667,0.2916666666666667,0.19943019943019943,1.5494472595565534
M0,q2,random_forest,P-77327DFF2A,2160,20,"1,2,3,4",False,,0.5995141097937151,0.375,0.275,1.6029080237918851
M0,q2,random_forest,P-7A6E877C97,2140,40,"2,3,4",False,,0.3388722478238608,0.27688172043010756,0.24756335282651074,1.037528767203979
M0,q2,random_forest,P-7BC40AF359,2160,20,"1,2,3",False,,0.44345238095238093,0.3194444444444445,0.18055555555555555,2.7509826340558576
M0,q2,random_forest,P-7E974EA92D,2160,20,"2,3,4",False,,0.4478339947089947,0.32142857142857145,0.30395913154533843,0.9299645504383307
M0,q2,random_forest,P-8016036889,2120,60,"1,2,3",False,,0.6000074048273282,0.14666666666666667,0.08870967741935484,1.631273434718674
M0,q2,random_forest,P-80904DAF11,2160,20,"2,3,4",False,,0.5522379667116509,0.373015873015873,0.3593073593073593,0.9512005782588341
M0,q2,random_forest,P-826248DDD8,2140,40,"3,4",False,,0.6238244514106583,0.5987460815047022,0.33676533676533676,0.9063806926156369
M0,q2,random_forest,P-8405CEC183,2160,20,3,False,,,0.65,0.3939393939393939,0.9028644170809201
M0,q2,random_forest,P-8EB079D859,2160,20,"3,4",False,,0.9509803921568628,0.7647058823529411,0.5604395604395604,0.851266679853064
M0,q2,random_forest,P-8EB2F3E5EB,2140,40,"2,3",False,,0.6840277777777778,0.3194444444444444,0.2555555555555556,0.8957363855066631
M0,q2,random_forest,P-90ADD44D40,2160,20,"1,2,3,4",False,,0.6228808446455505,0.38095238095238093,0.2857142857142857,2.120472350537894
M0,q2,random_forest,P-942BF8DF1B,2120,60,"1,3,4",False,,0.5397330392870089,0.2677527151211362,0.17142857142857143,1.1384150413486864
M0,q2,random_forest,P-95F33174C1,2120,60,"3,4",False,,0.5111234705228032,0.5088987764182424,0.48444444444444446,0.8315541855348312
M0,q2,random_forest,P-9EF7F8A151,2160,20,"3,4",False,,0.2894736842105263,0.5789473684210527,0.1919191919191919,1.1498188130697773
M0,q2,random_forest,P-AE146C9DF8,2140,40,4,False,,,0.1,0.09090909090909091,1.016719533022929
M0,q2,random_forest,P-AE42FA6330,2160,20,"2,3,4",False,,0.5441488336225179,0.5714285714285715,0.25,1.7211918848449372
M0,q2,random_forest,P-AF79D1DE3B,2160,20,"2,3,4",False,,0.41026566026566025,0.31601731601731603,0.21428571428571427,1.173838438104165
M0,q2,random_forest,P-B561FC8AA0,2160,20,"3,4",False,,0.375,0.16666666666666666,0.16,1.0131275596218603
M0,q2,random_forest,P-B687D84AC3,2160,20,"3,4",False,,0.5654761904761905,0.6547619047619048,0.6266666666666667,0.8087605916043683
M0,q2,random_forest,P-BAAF612E97,2160,20,"2,3",False,,0.7135416666666667,0.2916666666666667,0.2028985507246377,1.2792919220731718
M0,q2,random_forest,P-BABD47FD2A,2140,40,"2,3,4",False,,0.5990396924423127,0.3194444444444444,0.2302927927927928,1.2208209157796417
M0,q2,random_forest,P-BD38D55D80,2120,60,"2,3,4",False,,0.628272937768736,0.32745098039215687,0.26707234617985126,1.0447046490644258
M0,q2,random_forest,P-BD4404A67C,2120,60,"1,2,3,4",False,,0.6039568846401407,0.1834975369458128,0.17150537634408602,1.1205261616060826
M0,q2,random_forest,P-C27F41C52B,2120,60,"3,4",False,,0.5468549422336328,0.5218228498074454,0.5193312434691745,0.8032861616896412
M0,q2,random_forest,P-C783B3EE0A,2140,40,4,False,,,0.425,0.2982456140350877,1.01764531650814
M0,q2,random_forest,P-CB0D54D7B6,2160,20,"2,3,4",False,,0.647304625199362,0.2851851851851852,0.27651515151515155,0.9561456026902926
M0,q2,random_forest,P-CE34173F77,2160,20,"3,4",False,,0.15625,0.1875,0.1027077497665733,1.1797612710669358
M0,q2,random_forest,P-D7469723BB,2160,20,"2,3,4",False,,0.7329822346269715,0.5151515151515151,0.2510822510822511,1.3695147119204538
M0,q2,random_forest,P-ECFB6C2EB9,2160,20,"3,4",False,,0.675,0.55,0.3671794871794872,0.9125731626622887
M0,q2,random_forest,P-EDDA35F3C7,2160,20,"1,2,3",False,,0.5869674185463659,0.15714285714285714,0.09215686274509804,1.7078497236046488
M0,q2,random_forest,P-EFFF04CC6B,2140,40,"3,4",False,,0.5044642857142858,0.5297619047619048,0.35422602089268757,0.9186246212473128
M0,q2,random_forest,P-F3CCAA8842,2120,60,"2,3,4",False,,0.6853299790429009,0.5207700101317122,0.34253968253968253,1.2818361338726414
M0,q2,random_forest,P-FE9CDC44BE,2140,40,"2,3",False,,0.7117117117117117,0.3918918918918919,0.28431372549019607,0.8003333825378945
M1,q1,logistic,P-001F33A876,2120,60,"1,2,3",False,,0.7824197565806447,0.35555555555555557,0.3227124183006536,0.7051961318781383
M1,q1,logistic,P-07BDD08C0C,2120,60,"1,2,3",False,,0.6466468855218855,0.3333333333333333,0.28205128205128205,0.833992607143022
M1,q1,logistic,P-100AE58C58,2160,20,"1,2,3",False,,0.5845098039215686,0.3333333333333333,0.25806451612903225,1.1318550140980075
M1,q1,logistic,P-11AD0DCE87,2140,40,1,False,,,1.0,1.0,0.30769718475077523
M1,q1,logistic,P-12AD0E59EB,2160,20,"1,2",False,,0.4736842105263158,0.3684210526315789,0.4117647058823529,0.6511044202574405
M1,q1,logistic,P-18A2FC7D4E,2120,60,"1,2,3",False,,0.8678942215909844,0.3448275862068966,0.24694132334581773,0.8889720226662265
M1,q1,logistic,P-1A38BC21DA,2120,60,"1,2,3",False,,0.5527595645901499,0.3333333333333333,0.26666666666666666,0.9310888736553324
M1,q1,logistic,P-1A815101A0,2140,40,"1,2,3",False,,0.9446713307600404,0.3333333333333333,0.29107981220657275,0.5395286402322375
M1,q1,logistic,P-1CA9C1E745,2140,40,1,False,,,1.0,1.0,0.28308014295079903
M1,q1,logistic,P-244F9886F5,2160,20,"1,2,3",False,,0.5004385592620887,0.3333333333333333,0.16,2.116998959531772
M1,q1,logistic,P-247758AEAC,2140,40,"1,2",False,,0.731974921630094,0.4827586206896552,0.4117647058823529,0.6582610122594039
M1,q1,logistic,P-326C04EAEB,2160,20,"1,2",False,,0.7142857142857143,0.5714285714285714,0.53125,0.727568751209275
M1,q1,logistic,P-390B245CCC,2140,40,"1,2",False,,0.5808080808080808,0.5,0.3548387096774194,1.0428030700798154
M1,q1,logistic,P-39DC795FB0,2120,60,"1,2,4",False,,0.576339812611715,0.326241134751773,0.2893081761006289,0.8060139506241246
M1,q1,logistic,P-3D44F7B564,2160,20,1,False,,,0.75,0.42857142857142855,0.5747030534089607
M1,q1,logistic,P-3FD25AB949,2160,20,"1,2,3",False,,0.8727904040404041,0.3333333333333333,0.24444444444444444,0.8716696870760634
M1,q1,logistic,P-42CD4FF02E,2160,20,"1,2,3",False,,0.6888227513227513,0.3055555555555555,0.23655913978494625,0.9955567912114865
M1,q1,logistic,P-484A6A61BE,2120,60,"1,2,3,4",False,,0.6231889004353702,0.25,0.125,1.6802403516293578
M1,q1,logistic,P-48B7FC4062,2160,20,"1,2,3",False,,0.6653812636165577,0.3333333333333333,0.2857142857142857,0.8582894492382056
M1,q1,logistic,P-4CEF5A2144,2140,40,"1,2",False,,0.8738738738738739,0.5,0.4805194805194805,0.4184879451709744
M1,q1,logistic,P-4D14B12359,2120,60,1,False,,,0.9666666666666667,0.4915254237288136,0.4147693921143201
M1,q1,logistic,P-4D43A127BA,2160,20,"1,2",False,,0.4921875,0.5,0.4444444444444444,0.6298486366272062
M1,q1,logistic,P-541A203CCD,2100,80,"1,4",False,,0.6383333333333332,0.5,0.2,2.652814668864127
M1,q1,logistic,P-547A3B4455,2160,20,"2,3",False,,0.40625,0.03125,0.0392156862745098,1.657011782554288
M1,q1,logistic,P-54C61641A8,2140,40,"1,2",False,,0.956043956043956,0.6428571428571428,0.6415770609318996,0.6060536471231529
M1,q1,logistic,P-54FD02BC9C,2140,40,"1,2",False,,0.8116883116883118,0.683982683982684,0.7058823529411764,0.5680177963016003
M1,q1,logistic,P-5E54A83C78,2140,40,"1,2,3,4",False,,0.46811225667733947,0.23529411764705882,0.14285714285714285,2.1100279352800646
M1,q1,logistic,P-67DCF8869F,2160,20,"1,2,4",False,,0.6155337690631808,0.3333333333333333,0.2857142857142857,0.8411597588295789
M1,q1,logistic,P-77327DFF2A,2160,20,"1,2,4",False,,0.7203477350536174,0.3636363636363636,0.21555555555555553,1.2780861387200504
M1,q1,logistic,P-7A6E877C97,2140,40,1,False,,,1.0,1.0,0.36673047185120355
M1,q1,logistic,P-7BC40AF359,2160,20,"1,2,4",False,,0.6091617933723198,0.3148148148148148,0.30630630630630634,0.6665793691654271
M1,q1,logistic,P-7E974EA92D,2160,20,"1,2,3",False,,0.5422536771220982,0.3333333333333333,0.23655913978494625,1.055299909691781
M1,q1,logistic,P-8016036889,2120,60,"1,2,3,4",False,,0.6796319372740037,0.25,0.11038961038961038,1.4347823978787444
M1,q1,logistic,P-80904DAF11,2160,20,"1,2,3",False,,0.703207671957672,0.3333333333333333,0.2745098039215686,0.8231770909639902
M1,q1,logistic,P-826248DDD8,2140,40,"1,4",False,,0.8717948717948718,0.5,0.4936708860759494,0.39621706893158654
M1,q1,logistic,P-8405CEC183,2160,20,"1,2,3,4",False,,0.6057393127705628,0.2222222222222222,0.14285714285714285,1.5262924259437354
M1,q1,logistic,P-8EB079D859,2160,20,1,False,,,1.0,1.0,0.3850663685575607
M1,q1,logistic,P-8EB2F3E5EB,2140,40,1,False,,,0.975,0.4936708860759494,0.3592099760331116
M1,q1,logistic,P-90ADD44D40,2160,20,"1,2,3,4",False,,0.5645511810493428,0.20833333333333334,0.10416666666666667,2.2863990873489337
M1,q1,logistic,P-942BF8DF1B,2120,60,"1,2,3,4",False,,0.5090482621867854,0.2386968085106383,0.22880870561282934,0.8462078812604941
M1,q1,logistic,P-95F33174C1,2120,60,1,False,,,1.0,1.0,0.36592567649863855
M1,q1,logistic,P-9EF7F8A151,2160,20,"1,2,3,4",False,,0.7026701368806632,0.2597402597402597,0.19642857142857142,1.055323226638773
M1,q1,logistic,P-AE146C9DF8,2140,40,"1,2,3",False,,0.5991174623987124,0.38095238095238093,0.3838028169014085,0.6040799180466317
M1,q1,logistic,P-AE42FA6330,2160,20,"1,2,3,4",False,,0.7159556130144366,0.25,0.1346153846153846,1.6941177955443447
M1,q1,logistic,P-AF79D1DE3B,2160,20,"1,2,3,4",False,,0.6774544203646371,0.25,0.1,1.9892752505459381
M1,q1,logistic,P-B561FC8AA0,2160,20,"1,2",False,,0.8627450980392157,0.6666666666666666,0.7222222222222222,0.467526454828682
M1,q1,logistic,P-B687D84AC3,2160,20,1,False,,,1.0,1.0,0.24051757634132037
M1,q1,logistic,P-BAAF612E97,2160,20,"1,2,3",False,,0.7811355311355311,0.3888888888888889,0.3629032258064517,0.8093977233708385
M1,q1,logistic,P-BABD47FD2A,2140,40,"1,2",False,,0.8542857142857143,0.5,0.4666666666666667,0.41902640005307357
M1,q1,logistic,P-BD38D55D80,2120,60,1,False,,,1.0,1.0,0.30312631593099065
M1,q1,logistic,P-BD4404A67C,2120,60,"1,2,3,4",False,,0.43684426689559874,0.26666666666666666,0.2140456989247312,1.2276756317097006
M1,q1,logistic,P-C27F41C52B,2120,60,"1,2,4",False,,0.628486292039632,0.3333333333333333,0.24113475177304966,1.005704984488522
M1,q1,logistic,P-C783B3EE0A,2140,40,"1,3",False,,0.9605263157894737,0.5,0.48717948717948717,0.4543187232660638
M1,q1,logistic,P-CB0D54D7B6,2160,20,"1,2,3,4",False,,0.8086272387742977,0.25,0.15517241379310345,1.4452522119343345
M1,q1,logistic,P-CE34173F77,2160,20,"1,2,3",False,,0.7130647130647131,0.3076923076923077,0.25,0.8067349501922877
M1,q1,logistic,P-D7469723BB,2160,20,"1,2,4",False,,0.7213725490196078,0.3333333333333333,0.25,1.1736088885772165
M1,q1,logistic,P-ECFB6C2EB9,2160,20,"1,2",False,,0.9473684210526316,0.47368421052631576,0.47368421052631576,0.5145190760866654
M1,q1,logistic,P-EDDA35F3C7,2160,20,"1,2,3,4",False,,0.5232239676173499,0.25,0.05263157894736842,2.5163603892736126
M1,q1,logistic,P-EFFF04CC6B,2140,40,"1,2",False,,0.46875,0.4895833333333333,0.41328731665228646,0.8838958783363667
M1,q1,logistic,P-F3CCAA8842,2120,60,1,False,,,1.0,1.0,0.45040482140775334
M1,q1,logistic,P-FE9CDC44BE,2140,40,"1,2,3",False,,0.5602617868242868,0.3333333333333333,0.09929078014184396,1.2974125849915403
M1,q1,random_forest,P-001F33A876,2120,60,"1,2,3",False,,0.8040195641653258,0.37777777777777777,0.36225975538730343,0.717229909998305
M1,q1,random_forest,P-07BDD08C0C,2120,60,"1,2,3",False,,0.5769579124579125,0.3333333333333333,0.28205128205128205,0.9165785187649224
M1,q1,random_forest,P-100AE58C58,2160,20,"1,2,3",False,,0.6083333333333333,0.3333333333333333,0.25,1.1541299201851736
M1,q1,random_forest,P-11AD0DCE87,2140,40,1,False,,,1.0,1.0,0.37016663373937186
M1,q1,random_forest,P-12AD0E59EB,2160,20,"1,2",False,,0.736842105263158,0.47368421052631576,0.47368421052631576,0.46811293783217256
M1,q1,random_forest,P-18A2FC7D4E,2120,60,"1,2,3",False,,0.7472063470117805,0.3333333333333333,0.2222222222222222,0.9655266015013291
M1,q1,random_forest,P-1A38BC21DA,2120,60,"1,2,3",False,,0.5458036669039981,0.3333333333333333,0.26666666666666666,0.9526179838603188
M1,q1,random_forest,P-1A815101A0,2140,40,"1,2,3",False,,0.7948330231596361,0.3333333333333333,0.29107981220657275,0.645153660379113
M1,q1,random_forest,P-1CA9C1E745,2140,40,1,False,,,1.0,1.0,0.26999747039332345
M1,q1,random_forest,P-244F9886F5,2160,20,"1,2,3",False,,0.5152505446623094,0.3333333333333333,0.15384615384615385,2.139686057032798
M1,q1,random_forest,P-247758AEAC,2140,40,"1,2",False,,0.6833855799373041,0.5,0.42028985507246375,0.6996418629181047
M1,q1,random_forest,P-326C04EAEB,2160,20,"1,2",False,,0.5824175824175823,0.5,0.3939393939393939,0.8175459874349851
M1,q1,random_forest,P-390B245CCC,2140,40,"1,2",False,,0.5782828282828283,0.5,0.3548387096774194,0.9073315418980401
M1,q1,random_forest,P-39DC795FB0,2120,60,"1,2,4",False,,0.5310121533004303,0.3333333333333333,0.29283489096573206,0.7751168114830354
M1,q1,random_forest,P-3D44F7B564,2160,20,1,False,,,0.8,0.4444444444444444,0.651074249203935
M1,q1,random_forest,P-3FD25AB949,2160,20,"1,2,3",False,,0.6114433811802232,0.3333333333333333,0.23655913978494625,0.9931908067654414
M1,q1,random_forest,P-42CD4FF02E,2160,20,"1,2,3",False,,0.581845238095238,0.3333333333333333,0.25,1.0519189554997834
M1,q1,random_forest,P-484A6A61BE,2120,60,"1,2,3,4",False,,0.5479365694894418,0.25,0.125,1.8538151408610444
M1,q1,random_forest,P-48B7FC4062,2160,20,"1,2,3",False,,0.6062309368191721,0.3333333333333333,0.2857142857142857,0.8715072377739113
M1,q1,random_forest,P-4CEF5A2144,2140,40,"1,2",False,,0.2702702702702703,0.5,0.4805194805194805,0.5153311332599103
M1,q1,random_forest,P-4D14B12359,2120,60,1,False,,,1.0,1.0,0.43653491345261625
M1,q1,random_forest,P-4D43A127BA,2160,20,"1,2",False,,0.6328125,0.5,0.4444444444444444,0.6248447950420599
M1,q1,random_forest,P-541A203CCD,2100,80,"1,4",False,,0.6691666666666667,0.5,0.2,2.6064328261107
M1,q1,random_forest,P-547A3B4455,2160,20,"2,3",False,,0.46875,0.0,0.0,1.8832501377023891
M1,q1,random_forest,P-54C61641A8,2140,40,"1,2",False,,0.7101648351648351,0.5,0.3939393939393939,0.7821726153914377
M1,q1,random_forest,P-54FD02BC9C,2140,40,"1,2",False,,0.5865800865800865,0.5,0.4520547945205479,0.5969181746947383
M1,q1,random_forest,P-5E54A83C78,2140,40,"1,2,3,4",False,,0.44987088542748793,0.25,0.15178571428571427,1.6583973184476666
M1,q1,random_forest,P-67DCF8869F,2160,20,"1,2,4",False,,0.7367973856209149,0.45555555555555555,0.3841269841269841,0.9127029135693936
M1,q1,random_forest,P-77327DFF2A,2160,20,"1,2,4",False,,0.74753133576663,0.3333333333333333,0.15384615384615385,1.334321813083895
M1,q1,random_forest,P-7A6E877C97,2140,40,1,False,,,1.0,1.0,0.3376374903911921
M1,q1,random_forest,P-7BC40AF359,2160,20,"1,2,4",False,,0.7348927875243665,0.3333333333333333,0.3157894736842105,0.6399439453057607
M1,q1,random_forest,P-7E974EA92D,2160,20,"1,2,3",False,,0.6647727272727273,0.3333333333333333,0.23655913978494625,1.0231789479470608
M1,q1,random_forest,P-8016036889,2120,60,"1,2,3,4",False,,0.5230185988024958,0.25,0.11333333333333333,1.3619812384477794
M1,q1,random_forest,P-80904DAF11,2160,20,"1,2,3",False,,0.5660548941798941,0.3333333333333333,0.2745098039215686,0.920979770556885
M1,q1,random_forest,P-826248DDD8,2140,40,"1,4",False,,0.9615384615384615,0.5,0.4936708860759494,0.3880629267680193
M1,q1,random_forest,P-8405CEC183,2160,20,"1,2,3,4",False,,0.6551116783435862,0.25,0.15517241379310345,1.4976520552513741
M1,q1,random_forest,P-8EB079D859,2160,20,1,False,,,1.0,1.0,0.3399479659678081
M1,q1,random_forest,P-8EB2F3E5EB,2140,40,1,False,,,1.0,1.0,0.4283129831901974
M1,q1,random_forest,P-90ADD44D40,2160,20,"1,2,3,4",False,,0.6456506881598794,0.25,0.11538461538461539,2.2675278469388003
M1,q1,random_forest,P-942BF8DF1B,2120,60,"1,2,3,4",False,,0.5154994268713616,0.22872340425531915,0.2087378640776699,0.8772073265923133
M1,q1,random_forest,P-95F33174C1,2120,60,1,False,,,1.0,1.0,0.4050682864680024
M1,q1,random_forest,P-9EF7F8A151,2160,20,"1,2,3,4",False,,0.5335176519387046,0.2824675324675324,0.23043478260869565,1.097448006148844
M1,q1,random_forest,P-AE146C9DF8,2140,40,"1,2,3",False,,0.4907822212509712,0.3333333333333333,0.2962962962962963,0.6392195203238689
M1,q1,random_forest,P-AE42FA6330,2160,20,"1,2,3,4",False,,0.6633807369101486,0.25,0.12962962962962962,1.6439556722320803
M1,q1,random_forest,P-AF79D1DE3B,2160,20,"1,2,3,4",False,,0.684464146105013,0.25,0.1,1.7010717052264535
M1,q1,random_forest,P-B561FC8AA0,2160,20,"1,2",False,,0.6764705882352942,0.5,0.4594594594594595,0.5218979956084687
M1,q1,random_forest,P-B687D84AC3,2160,20,1,False,,,1.0,1.0,0.22076015062415938
M1,q1,random_forest,P-BAAF612E97,2160,20,"1,2,3",False,,0.48957329220487117,0.3333333333333333,0.2626262626262626,0.9334912055336222
M1,q1,random_forest,P-BABD47FD2A,2140,40,"1,2",False,,0.8057142857142858,0.5,0.4666666666666667,0.41513820627877385
M1,q1,random_forest,P-BD38D55D80,2120,60,1,False,,,1.0,1.0,0.3992279518729995
M1,q1,random_forest,P-BD4404A67C,2120,60,"1,2,3,4",False,,0.5847712141621686,0.25,0.18085106382978725,1.1425478012865677
M1,q1,random_forest,P-C27F41C52B,2120,60,"1,2,4",False,,0.6259012267227622,0.3333333333333333,0.24113475177304966,1.019167288391439
M1,q1,random_forest,P-C783B3EE0A,2140,40,"1,3",False,,0.756578947368421,0.5,0.48717948717948717,0.4544562920193352
M1,q1,random_forest,P-CB0D54D7B6,2160,20,"1,2,3,4",False,,0.6143631695102283,0.25,0.15517241379310345,1.5362638291648971
M1,q1,random_forest,P-CE34173F77,2160,20,"1,2,3",False,,0.5841848210269264,0.3333333333333333,0.2626262626262626,0.8427520061874475
M1,q1,random_forest,P-D7469723BB,2160,20,"1,2,4",False,,0.6121486928104575,0.3333333333333333,0.25,1.2450430939008477
M1,q1,random_forest,P-ECFB6C2EB9,2160,20,"1,2",False,,0.9473684210526316,0.9736842105263157,0.8198198198198199,0.5411302355546287
M1,q1,random_forest,P-EDDA35F3C7,2160,20,"1,2,3,4",False,,0.5596660539215687,0.25,0.045454545454545456,2.700030257810691
M1,q1,random_forest,P-EFFF04CC6B,2140,40,"1,2",False,,0.5221354166666667,0.5,0.375,0.914532670908337
M1,q1,random_forest,P-F3CCAA8842,2120,60,1,False,,,0.9833333333333333,0.4957983193277311,0.4819037806168001
M1,q1,random_forest,P-FE9CDC44BE,2140,40,"1,2,3",False,,0.4641239836552337,0.34375,0.12165129556433905,1.3130397305832566
M1,q2,logistic,P-001F33A876,2120,60,"2,3,4",False,,0.5111525020670257,0.3333333333333333,0.16033755274261605,0.9757741256697321
M1,q2,logistic,P-07BDD08C0C,2120,60,"2,3,4",False,,0.49311793688767375,0.3041125541125541,0.23710357969239146,1.051177043697008
M1,q2,logistic,P-100AE58C58,2160,20,4,False,,,0.05,0.047619047619047616,0.9140954058333876
M1,q2,logistic,P-11AD0DCE87,2140,40,"2,3",False,,1.0,0.48717948717948717,0.3247863247863248,0.7756371865961136
M1,q2,logistic,P-12AD0E59EB,2160,20,4,False,,,0.0,0.0,1.1514087377213742
M1,q2,logistic,P-18A2FC7D4E,2120,60,"2,3",False,,0.665,0.45,0.15789473684210525,1.5393611548999133
M1,q2,logistic,P-1A38BC21DA,2120,60,"3,4",False,,0.3290909090909091,0.4727272727272728,0.45999999999999996,0.8326147377671428
M1,q2,logistic,P-1A815101A0,2140,40,"3,4",False,,0.6218637992831542,0.5,0.1836734693877551,0.8979049064109248
M1,q2,logistic,P-1CA9C1E745,2140,40,"2,3,4",False,,0.654307208994709,0.3611111111111111,0.3052503052503052,0.9041877076648799
M1,q2,logistic,P-244F9886F5,2160,20,"3,4",False,,0.5625,0.5,0.16666666666666666,1.0333435436356904
M1,q2,logistic,P-247758AEAC,2140,40,"2,3",False,,0.41428571428571426,0.44285714285714284,0.29107981220657275,0.9456865898064025
M1,q2,logistic,P-326C04EAEB,2160,20,"2,3,4",False,,0.6739267676767676,0.2916666666666667,0.1728395061728395,0.9080849558412266
M1,q2,logistic,P-390B245CCC,2140,40,"2,3,4",False,,0.7542401981966411,0.5181818181818182,0.5002742355683533,1.0619946677457315
M1,q2,logistic,P-39DC795FB0,2120,60,"1,2,3,4",False,,0.6039338367689906,0.2811438561438562,0.20820545820545822,1.4198337450512413
M1,q2,logistic,P-3D44F7B564,2160,20,"2,3,4",False,,0.3913690476190476,0.3333333333333333,0.15384615384615385,1.2542866868561924
M1,q2,logistic,P-3FD25AB949,2160,20,"2,3,4",False,,0.5816830586567429,0.3333333333333333,0.19047619047619047,0.92662521882933
M1,q2,logistic,P-42CD4FF02E,2160,20,"2,3,4",False,,0.556065416065416,0.3333333333333333,0.20689655172413793,1.11572520869282
M1,q2,logistic,P-484A6A61BE,2120,60,"1,2,3,4",False,,0.556908252470688,0.3214285714285714,0.23872180451127817,1.5734598112690052
M1,q2,logistic,P-48B7FC4062,2160,20,"2,3,4",False,,0.47859649122807024,0.3333333333333333,0.13333333333333333,0.9725627377165811
M1,q2,logistic,P-4CEF5A2144,2140,40,"2,3,4",False,,0.6657313797313797,0.3333333333333333,0.1761006289308176,0.9471693611785629
M1,q2,logistic,P-4D14B12359,2120,60,"2,3,4",False,,0.6801621510673236,0.22023809523809523,0.2542955326460481,0.8750984729335657
M1,q2,logistic,P-4D43A127BA,2160,20,"2,3,4",False,,0.638623141564318,0.34761904761904766,0.28835978835978837,0.9910321528392657
M1,q2,logistic,P-541A203CCD,2100,80,4,False,,,0.0,0.0,0.9879402564504769
M1,q2,logistic,P-547A3B4455,2160,20,3,False,,,1.0,1.0,0.8103654322289227
M1,q2,logistic,P-54C61641A8,2140,40,"2,3,4",False,,0.39113313586997794,0.27272727272727276,0.26865671641791045,0.900977252802264
M1,q2,logistic,P-54FD02BC9C,2140,40,"2,3,4",False,,0.7861532619427356,0.39999999999999997,0.4166666666666667,0.8392535551660689
M1,q2,logistic,P-5E54A83C78,2140,40,"1,2,3,4",False,,0.6697949751398027,0.29772727272727273,0.207983682983683,2.0806454644817665
M1,q2,logistic,P-67DCF8869F,2160,20,"2,3",False,,0.6510416666666666,0.4375,0.1728395061728395,1.6638650934022319
M1,q2,logistic,P-77327DFF2A,2160,20,"1,2,3,4",False,,0.6112185511856565,0.25,0.14285714285714285,1.408349701024194
M1,q2,logistic,P-7A6E877C97,2140,40,"2,3,4",False,,0.5350179211469533,0.3629032258064517,0.3333333333333333,0.9451717110719873
M1,q2,logistic,P-7BC40AF359,2160,20,"1,2,3",False,,0.5114087301587302,0.3333333333333333,0.15384615384615385,2.3218065991881978
M1,q2,logistic,P-7E974EA92D,2160,20,"2,3,4",False,,0.5861441798941799,0.3333333333333333,0.2745098039215686,0.9178400199944476
M1,q2,logistic,P-8016036889,2120,60,"1,2,3",False,,0.6387806250794758,0.24,0.12,1.677342819760725
M1,q2,logistic,P-80904DAF11,2160,20,"2,3,4",False,,0.6715587044534413,0.3333333333333333,0.25,0.8701376206719665
M1,q2,logistic,P-826248DDD8,2140,40,"3,4",False,,0.6394984326018809,0.5,0.21568627450980393,0.8939941582501276
M1,q2,logistic,P-8405CEC183,2160,20,3,False,,,0.9,0.47368421052631576,0.7879666986742102
M1,q2,logistic,P-8EB079D859,2160,20,"3,4",False,,0.5980392156862746,0.5,0.13043478260869565,0.9983799243797564
M1,q2,logistic,P-8EB2F3E5EB,2140,40,"2,3",False,,0.8541666666666667,0.4583333333333333,0.3013698630136986,0.860970171848131
M1,q2,logistic,P-90ADD44D40,2160,20,"1,2,3,4",False,,0.5031975867269984,0.25,0.14,2.0747580550543208
M1,q2,logistic,P-942BF8DF1B,2120,60,"1,3,4",False,,0.5623209182531216,0.3333333333333333,0.1728395061728395,1.046014797505656
M1,q2,logistic,P-95F33174C1,2120,60,"3,4",False,,0.5556173526140156,0.5,0.34065934065934067,0.83252326175752
M1,q2,logistic,P-9EF7F8A151,2160,20,"3,4",False,,0.13157894736842107,0.5,0.047619047619047616,1.127447697612102
M1,q2,logistic,P-AE146C9DF8,2140,40,4,False,,,0.0,0.0,0.9686722206336077
M1,q2,logistic,P-AE42FA6330,2160,20,"2,3,4",False,,0.5271692853929696,0.3333333333333333,0.1728395061728395,1.5767832278018679
M1,q2,logistic,P-AF79D1DE3B,2160,20,"2,3,4",False,,0.3225108225108225,0.22077922077922077,0.16287878787878787,1.0485061368898567
M1,q2,logistic,P-B561FC8AA0,2160,20,"3,4",False,,0.6388888888888888,0.5,0.09090909090909091,0.9576366001447422
M1,q2,logistic,P-B687D84AC3,2160,20,"3,4",False,,0.601190476190476,0.5119047619047619,0.4982078853046595,0.7836789288578508
M1,q2,logistic,P-BAAF612E97,2160,20,"2,3",False,,0.6666666666666666,0.4583333333333333,0.23655913978494625,1.1739980712650364
M1,q2,logistic,P-BABD47FD2A,2140,40,"2,3,4",False,,0.7030360297786,0.46230158730158727,0.3887719298245614,1.193079527001856
M1,q2,logistic,P-BD38D55D80,2120,60,"2,3,4",False,,0.5714160546373431,0.3333333333333333,0.13333333333333333,1.1114129812897562
M1,q2,logistic,P-BD4404A67C,2120,60,"1,2,3,4",False,,0.7303463725499066,0.2770935960591133,0.22470588235294117,1.0420751312457643
M1,q2,logistic,P-C27F41C52B,2120,60,"3,4",False,,0.5160462130937099,0.4672657252888318,0.4409937888198757,0.7992704846454218
M1,q2,logistic,P-C783B3EE0A,2140,40,4,False,,,0.0,0.0,1.0332335860556163
M1,q2,logistic,P-CB0D54D7B6,2160,20,"2,3,4",False,,0.6793549530391636,0.3333333333333333,0.20689655172413793,0.8891306247483988
M1,q2,logistic,P-CE34173F77,2160,20,"3,4",False,,0.5625,0.5,0.16666666666666666,0.9663217898580404
M1,q2,logistic,P-D7469723BB,2160,20,"2,3,4",False,,0.6158791866028709,0.3333333333333333,0.23655913978494625,1.3476027825676518
M1,q2,logistic,P-ECFB6C2EB9,2160,20,"3,4",False,,0.635,0.5,0.3333333333333333,0.8782476023957646
M1,q2,logistic,P-EDDA35F3C7,2160,20,"1,2,3",False,,0.5611027568922305,0.2904761904761905,0.12028985507246376,1.652949331840682
M1,q2,logistic,P-EFFF04CC6B,2140,40,"3,4",False,,0.37202380952380953,0.48214285714285715,0.40298507462686567,0.8402545104009544
M1,q2,logistic,P-F3CCAA8842,2120,60,"2,3,4",False,,0.6634854408171684,0.42857142857142855,0.1877777777777778,1.2122803289296675
M1,q2,logistic,P-FE9CDC44BE,2140,40,"2,3",False,,0.8468468468468469,0.40540540540540543,0.2857142857142857,0.8722208616487791
M1,q2,random_forest,P-001F33A876,2120,60,"2,3,4",False,,0.40050015595586835,0.2807017543859649,0.14414414414414414,1.1495393622814754
M1,q2,random_forest,P-07BDD08C0C,2120,60,"2,3,4",False,,0.5984070830485304,0.3333333333333333,0.21212121212121213,1.0488196831629124
M1,q2,random_forest,P-100AE58C58,2160,20,4,False,,,0.1,0.09090909090909091,1.1561960465368095
M1,q2,random_forest,P-11AD0DCE87,2140,40,"2,3",False,,0.9743589743589743,0.5,0.4936708860759494,0.5030973937780561
M1,q2,random_forest,P-12AD0E59EB,2160,20,4,False,,,0.05,0.031746031746031744,1.289427137326236
M1,q2,random_forest,P-18A2FC7D4E,2120,60,"2,3",False,,0.62375,0.5,0.25,1.4661008874647912
M1,q2,random_forest,P-1A38BC21DA,2120,60,"3,4",False,,0.3563636363636363,0.33636363636363636,0.38144329896907214,0.8666615542310038
M1,q2,random_forest,P-1A815101A0,2140,40,"3,4",False,,0.6021505376344086,0.5161290322580645,0.21875,1.0787775389250354
M1,q2,random_forest,P-1CA9C1E745,2140,40,"2,3,4",False,,0.5462962962962963,0.3611111111111111,0.3434343434343434,0.9316601160470869
M1,q2,random_forest,P-244F9886F5,2160,20,"3,4",False,,0.3515625,0.5,0.16666666666666666,1.2656878375817218
M1,q2,random_forest,P-247758AEAC,2140,40,"2,3",False,,0.4057142857142857,0.4,0.2745098039215686,0.8455009876244481
M1,q2,random_forest,P-326C04EAEB,2160,20,"2,3,4",False,,0.6317118553960658,0.32196969696969696,0.23076923076923075,0.978672815334272
M1,q2,random_forest,P-390B245CCC,2140,40,"2,3,4",False,,0.6908364694390103,0.3333333333333333,0.21468926553672316,1.0612004886915358
M1,q2,random_forest,P-39DC795FB0,2120,60,"1,2,3,4",False,,0.5833228223963665,0.28409090909090906,0.2502579979360165,1.2121335159007056
M1,q2,random_forest,P-3D44F7B564,2160,20,"2,3,4",False,,0.4573412698412698,0.3055555555555555,0.23232323232323235,1.2887348842803628
M1,q2,random_forest,P-3FD25AB949,2160,20,"2,3,4",False,,0.7715754031543506,0.4128787878787879,0.3695652173913044,0.8963386450083839
M1,q2,random_forest,P-42CD4FF02E,2160,20,"2,3,4",False,,0.4554064454064454,0.3333333333333333,0.20689655172413793,1.1174501530031005
M1,q2,random_forest,P-484A6A61BE,2120,60,"1,2,3,4",False,,0.6157562576551225,0.2857142857142857,0.19318181818181818,1.7414782863690423
M1,q2,random_forest,P-48B7FC4062,2160,20,"2,3,4",False,,0.6560902255639098,0.4047619047619047,0.26916221033868093,0.9807429033401143
M1,q2,random_forest,P-4CEF5A2144,2140,40,"2,3,4",False,,0.6618876678876678,0.3466666666666667,0.20174165457184326,1.1019741115357902
M1,q2,random_forest,P-4D14B12359,2120,60,"2,3,4",False,,0.8387725779967159,0.48214285714285715,0.42658730158730157,0.7678966148184542
M1,q2,random_forest,P-4D43A127BA,2160,20,"2,3,4",False,,0.6847927889104359,0.3333333333333333,0.2222222222222222,0.9694510425390399
M1,q2,random_forest,P-541A203CCD,2100,80,4,False,,,0.1625,0.13978494623655913,1.0705422523687276
M1,q2,random_forest,P-547A3B4455,2160,20,3,False,,,0.55,0.3548387096774194,0.8867316577338368
M1,q2,random_forest,P-54C61641A8,2140,40,"2,3,4",False,,0.6325761373129795,0.3797979797979798,0.37857142857142856,0.7767678690881972
M1,q2,random_forest,P-54FD02BC9C,2140,40,"2,3,4",False,,0.6434138376243639,0.3333333333333333,0.3013698630136986,0.6606392747906631
M1,q2,random_forest,P-5E54A83C78,2140,40,"1,2,3,4",False,,0.7133477155028879,0.35,0.2591362126245847,1.7272716604806746
M1,q2,random_forest,P-67DCF8869F,2160,20,"2,3",False,,0.515625,0.375,0.1818181818181818,1.692397392859995
M1,q2,random_forest,P-77327DFF2A,2160,20,"1,2,3,4",False,,0.42075139772508197,0.21875,0.1346153846153846,1.4722532903679677
M1,q2,random_forest,P-7A6E877C97,2140,40,"2,3,4",False,,0.3795959208055983,0.25806451612903225,0.25396825396825395,0.9520777932594757
M1,q2,random_forest,P-7BC40AF359,2160,20,"1,2,3",False,,0.47271825396825395,0.2222222222222222,0.08695652173913043,2.1567449079406322
M1,q2,random_forest,P-7E974EA92D,2160,20,"2,3,4",False,,0.4600694444444445,0.36904761904761907,0.35330261136712754,0.8948361510460974
M1,q2,random_forest,P-8016036889,2120,60,"1,2,3",False,,0.5876746335826796,0.29333333333333333,0.13580246913580246,1.5418154662136738
M1,q2,random_forest,P-80904DAF11,2160,20,"2,3,4",False,,0.6116071428571429,0.3333333333333333,0.25,0.9185329887124114
M1,q2,random_forest,P-826248DDD8,2140,40,"3,4",False,,0.5062695924764891,0.5,0.21568627450980393,0.9934109942681898
M1,q2,random_forest,P-8405CEC183,2160,20,3,False,,,1.0,1.0,0.5373433051460489
M1,q2,random_forest,P-8EB079D859,2160,20,"3,4",False,,0.7647058823529412,0.5,0.13043478260869565,1.1951280860162607
M1,q2,random_forest,P-8EB2F3E5EB,2140,40,"2,3",False,,0.7673611111111112,0.5,0.47368421052631576,0.666460368278624
M1,q2,random_forest,P-90ADD44D40,2160,20,"1,2,3,4",False,,0.7001141995259643,0.3142857142857143,0.26785714285714285,2.0068314898970963
M1,q2,random_forest,P-942BF8DF1B,2120,60,"1,3,4",False,,0.33483905495502286,0.34210526315789475,0.1920940170940171,1.297162399791837
M1,q2,random_forest,P-95F33174C1,2120,60,"3,4",False,,0.5022246941045606,0.53559510567297,0.4357366771159875,0.9577028785841362
M1,q2,random_forest,P-9EF7F8A151,2160,20,"3,4",False,,0.5,0.5263157894736842,0.1,1.3141584158982806
M1,q2,random_forest,P-AE146C9DF8,2140,40,4,False,,,0.1,0.09090909090909091,1.1035650690045413
M1,q2,random_forest,P-AE42FA6330,2160,20,"2,3,4",False,,0.29639001349527666,0.3333333333333333,0.1728395061728395,1.657056249682276
M1,q2,random_forest,P-AF79D1DE3B,2160,20,"2,3,4",False,,0.6353091353091352,0.3636363636363636,0.235042735042735,1.0891879809911411
M1,q2,random_forest,P-B561FC8AA0,2160,20,"3,4",False,,0.22222222222222224,0.5,0.09090909090909091,1.311139184568853
M1,q2,random_forest,P-B687D84AC3,2160,20,"3,4",False,,0.4285714285714286,0.5119047619047619,0.4982078853046595,0.7804841923071647
M1,q2,random_forest,P-BAAF612E97,2160,20,"2,3",False,,0.6510416666666666,0.5,0.375,1.1026078037941351
M1,q2,random_forest,P-BABD47FD2A,2140,40,"2,3,4",False,,0.5050532569177646,0.40079365079365076,0.34502923976608185,1.2780776758672214
M1,q2,random_forest,P-BD38D55D80,2120,60,"2,3,4",False,,0.5323220114256529,0.307843137254902,0.24415992812219225,1.12833515957557
M1,q2,random_forest,P-BD4404A67C,2120,60,"1,2,3,4",False,,0.6147356805962192,0.31075533661740556,0.28003003003003,1.0997790681377357
M1,q2,random_forest,P-C27F41C52B,2120,60,"3,4",False,,0.527599486521181,0.5301668806161746,0.5090016366612111,0.805394362458368
M1,q2,random_forest,P-C783B3EE0A,2140,40,4,False,,,0.1,0.09090909090909091,1.230151637701714
M1,q2,random_forest,P-CB0D54D7B6,2160,20,"2,3,4",False,,0.5945046960836434,0.3666666666666667,0.2748917748917749,0.9520778488940815
M1,q2,random_forest,P-CE34173F77,2160,20,"3,4",False,,0.171875,0.40625,0.1919191919191919,1.2153342515228995
M1,q2,random_forest,P-D7469723BB,2160,20,"2,3,4",False,,0.7112849991139466,0.5454545454545454,0.2828282828282828,1.411877372791365
M1,q2,random_forest,P-ECFB6C2EB9,2160,20,"3,4",False,,0.53,0.5,0.40476190476190477,0.9982324775671749
M1,q2,random_forest,P-EDDA35F3C7,2160,20,"1,2,3",False,,0.5522890559732665,0.35714285714285715,0.18333333333333335,1.66130216422496
M1,q2,random_forest,P-EFFF04CC6B,2140,40,"3,4",False,,0.5684523809523809,0.5654761904761905,0.5487179487179488,0.8228543797999819
M1,q2,random_forest,P-F3CCAA8842,2120,60,"2,3,4",False,,0.6303442903202037,0.4376899696048632,0.27233211233211235,1.140208753144831
M1,q2,random_forest,P-FE9CDC44BE,2140,40,"2,3",False,,0.7387387387387387,0.4864864864864865,0.32,0.7188481031610312
M2,q1,logistic,P-001F33A876,2120,60,"1,2,3",False,,0.7256400051481581,0.3255813953488372,0.2745098039215686,0.7318148272582825
M2,q1,logistic,P-07BDD08C0C,2120,60,"1,2,3",False,,0.5960903011597457,0.3333333333333333,0.28205128205128205,0.840205082429755
M2,q1,logistic,P-100AE58C58,2160,20,"1,2,3",False,,0.647843137254902,0.3333333333333333,0.25,1.1238900963304306
M2,q1,logistic,P-11AD0DCE87,2140,40,1,False,,,1.0,1.0,0.2979386121661397
M2,q1,logistic,P-12AD0E59EB,2160,20,"1,2",False,,0.34210526315789475,0.42105263157894735,0.4444444444444444,0.6125108165048537
M2,q1,logistic,P-18A2FC7D4E,2120,60,"1,2,3",False,,0.8095493144017869,0.3448275862068966,0.24694132334581773,0.9093622597175597
M2,q1,logistic,P-1A38BC21DA,2120,60,"1,2,3",False,,0.5397596419228646,0.3333333333333333,0.26666666666666666,0.9188485851716782
M2,q1,logistic,P-1A815101A0,2140,40,"1,2,3",False,,0.9419598238902674,0.3333333333333333,0.29107981220657275,0.5420678678698746
M2,q1,logistic,P-1CA9C1E745,2140,40,1,False,,,1.0,1.0,0.25875315184485237
M2,q1,logistic,P-244F9886F5,2160,20,"1,2,3",False,,0.40133123956653366,0.3333333333333333,0.15384615384615385,2.2043029065758035
M2,q1,logistic,P-247758AEAC,2140,40,"1,2",False,,0.7413793103448276,0.5,0.42028985507246375,0.6589336629493954
M2,q1,logistic,P-326C04EAEB,2160,20,"1,2",False,,0.7472527472527473,0.5,0.3939393939393939,0.7304752743278468
M2,q1,logistic,P-390B245CCC,2140,40,"1,2",False,,0.5277777777777778,0.5,0.3548387096774194,1.0689207405217214
M2,q1,logistic,P-39DC795FB0,2120,60,"1,2,4",False,,0.48346459499723987,0.3333333333333333,0.29283489096573206,0.8423101335555448
M2,q1,logistic,P-3D44F7B564,2160,20,1,False,,,0.7,0.4117647058823529,0.6855801793398046
M2,q1,logistic,P-3FD25AB949,2160,20,"1,2,3",False,,0.8388047138047138,0.3333333333333333,0.23655913978494625,0.9173731340421337
M2,q1,logistic,P-42CD4FF02E,2160,20,"1,2,3",False,,0.597718253968254,0.3055555555555555,0.23655913978494625,1.0610370742574953
M2,q1,logistic,P-484A6A61BE,2120,60,"1,2,3,4",False,,0.6020364193851838,0.25,0.125,1.6729366401689838
M2,q1,logistic,P-48B7FC4062,2160,20,"1,2,3",False,,0.5694553376906318,0.3333333333333333,0.29411764705882354,0.8992733434778781
M2,q1,logistic,P-4CEF5A2144,2140,40,"1,2",False,,0.8378378378378378,0.5,0.4805194805194805,0.42057520982702357
M2,q1,logistic,P-4D14B12359,2120,60,1,False,,,1.0,1.0,0.3793057676030957
M2,q1,logistic,P-4D43A127BA,2160,20,"1,2",False,,0.5234375,0.5,0.4444444444444444,0.686130080698755
M2,q1,logistic,P-541A203CCD,2100,80,"1,4",False,,0.5070833333333333,0.5,0.2,2.696239068719325
M2,q1,logistic,P-547A3B4455,2160,20,"2,3",False,,0.46875,0.0,0.0,1.689908226510688
M2,q1,logistic,P-54C61641A8,2140,40,"1,2",False,,0.956043956043956,0.5,0.3939393939393939,0.6133391175083311
M2,q1,logistic,P-54FD02BC9C,2140,40,"1,2",False,,0.7748917748917749,0.5562770562770563,0.5618153364632238,0.5550363437326121
M2,q1,logistic,P-5E54A83C78,2140,40,"1,2,3,4",False,,0.460770427858865,0.23529411764705882,0.14285714285714285,2.1493157069585695
M2,q1,logistic,P-67DCF8869F,2160,20,"1,2,4",False,,0.6526579520697168,0.3333333333333333,0.29411764705882354,0.8217709764742805
M2,q1,logistic,P-77327DFF2A,2160,20,"1,2,4",False,,0.6882692470927765,0.3333333333333333,0.15384615384615385,1.3512619505944945
M2,q1,logistic,P-7A6E877C97,2140,40,1,False,,,1.0,1.0,0.314269844466613
M2,q1,logistic,P-7BC40AF359,2160,20,"1,2,4",False,,0.5925925925925927,0.25925925925925924,0.2828282828282828,0.7712543332062716
M2,q1,logistic,P-7E974EA92D,2160,20,"1,2,3",False,,0.5595095693779905,0.3333333333333333,0.23655913978494625,1.0422231121854433
M2,q1,logistic,P-8016036889,2120,60,"1,2,3,4",False,,0.5801005787268425,0.25,0.11038961038961038,1.424323230162248
M2,q1,logistic,P-80904DAF11,2160,20,"1,2,3",False,,0.6940310846560847,0.3333333333333333,0.2745098039215686,0.8263593189843531
M2,q1,logistic,P-826248DDD8,2140,40,"1,4",False,,0.9487179487179487,0.5,0.4936708860759494,0.3663753498732284
M2,q1,logistic,P-8405CEC183,2160,20,"1,2,3,4",False,,0.3846649056353003,0.25,0.15517241379310345,1.533808818075649
M2,q1,logistic,P-8EB079D859,2160,20,1,False,,,1.0,1.0,0.3789696331907599
M2,q1,logistic,P-8EB2F3E5EB,2140,40,1,False,,,1.0,1.0,0.3477805632605372
M2,q1,logistic,P-90ADD44D40,2160,20,"1,2,3,4",False,,0.5626683365653954,0.20833333333333334,0.10416666666666667,2.375784374908284
M2,q1,logistic,P-942BF8DF1B,2120,60,"1,2,3,4",False,,0.5676711608802305,0.24335106382978725,0.2288888888888889,0.8680781318337601
M2,q1,logistic,P-95F33174C1,2120,60,1,False,,,1.0,1.0,0.3508711141280734
M2,q1,logistic,P-9EF7F8A151,2160,20,"1,2,3,4",False,,0.6341334104492,0.2727272727272727,0.17628205128205127,1.0693331550108425
M2,q1,logistic,P-AE146C9DF8,2140,40,"1,2,3",False,,0.4646074411699412,0.3333333333333333,0.2962962962962963,0.6135391430286595
M2,q1,logistic,P-AE42FA6330,2160,20,"1,2,3,4",False,,0.7328162034044386,0.25,0.1346153846153846,1.6437923823912164
M2,q1,logistic,P-AF79D1DE3B,2160,20,"1,2,3,4",False,,0.705178722206586,0.2,0.08695652173913043,1.8827094217827451
M2,q1,logistic,P-B561FC8AA0,2160,20,"1,2",False,,0.9019607843137255,0.5,0.4594594594594595,0.4451445948913119
M2,q1,logistic,P-B687D84AC3,2160,20,1,False,,,1.0,1.0,0.2874510430200327
M2,q1,logistic,P-BAAF612E97,2160,20,"1,2,3",False,,0.8003663003663003,0.3333333333333333,0.2626262626262626,0.809163526319211
M2,q1,logistic,P-BABD47FD2A,2140,40,"1,2",False,,0.8485714285714285,0.6,0.6396396396396397,0.4239549813614906
M2,q1,logistic,P-BD38D55D80,2120,60,1,False,,,0.9833333333333333,0.4957983193277311,0.41617939227149986
M2,q1,logistic,P-BD4404A67C,2120,60,"1,2,3,4",False,,0.4866999528403524,0.25,0.18085106382978725,1.2185330330738346
M2,q1,logistic,P-C27F41C52B,2120,60,"1,2,4",False,,0.6899860491784718,0.3333333333333333,0.24113475177304966,0.971701437837311
M2,q1,logistic,P-C783B3EE0A,2140,40,"1,3",False,,0.9276315789473684,0.5,0.48717948717948717,0.48470956517139563
M2,q1,logistic,P-CB0D54D7B6,2160,20,"1,2,3,4",False,,0.7900167642814702,0.25,0.16666666666666666,1.2562071402463932
M2,q1,logistic,P-CE34173F77,2160,20,"1,2,3",False,,0.746947496947497,0.3333333333333333,0.2626262626262626,0.8317878917622975
M2,q1,logistic,P-D7469723BB,2160,20,"1,2,4",False,,0.7406781045751635,0.3333333333333333,0.25,1.0784089819309304
M2,q1,logistic,P-ECFB6C2EB9,2160,20,"1,2",False,,1.0,0.9736842105263157,0.8198198198198199,0.5575338785605328
M2,q1,logistic,P-EDDA35F3C7,2160,20,"1,2,3,4",False,,0.5504888034759359,0.25,0.045454545454545456,2.699217687914254
M2,q1,logistic,P-EFFF04CC6B,2140,40,"1,2",False,,0.48567708333333326,0.53125,0.43977591036414565,0.9173129277005276
M2,q1,logistic,P-F3CCAA8842,2120,60,1,False,,,0.9,0.3157894736842105,0.5595118348361952
M2,q1,logistic,P-FE9CDC44BE,2140,40,"1,2,3",False,,0.46859780844155846,0.3333333333333333,0.09929078014184396,1.3541090681548638
M2,q1,random_forest,P-001F33A876,2120,60,"1,2,3",False,,0.6766788556879284,0.37674418604651166,0.3701521845851743,0.7560538546284206
M2,q1,random_forest,P-07BDD08C0C,2120,60,"1,2,3",False,,0.6044732510288066,0.3333333333333333,0.28205128205128205,0.8819368766072679
M2,q1,random_forest,P-100AE58C58,2160,20,"1,2,3",False,,0.5063480392156863,0.3333333333333333,0.25,1.2945399262981203
M2,q1,random_forest,P-11AD0DCE87,2140,40,1,False,,,1.0,1.0,0.32545881720010433
M2,q1,random_forest,P-12AD0E59EB,2160,20,"1,2",False,,0.3157894736842105,0.4473684210526316,0.4594594594594595,0.6806073896555596
M2,q1,random_forest,P-18A2FC7D4E,2120,60,"1,2,3",False,,0.6601207172369103,0.3333333333333333,0.2222222222222222,0.9842208427953918
M2,q1,random_forest,P-1A38BC21DA,2120,60,"1,2,3",False,,0.5222898450145732,0.3333333333333333,0.26666666666666666,0.9442591256329631
M2,q1,random_forest,P-1A815101A0,2140,40,"1,2,3",False,,0.9172062396608767,0.3225806451612903,0.2857142857142857,0.5650376448446132
M2,q1,random_forest,P-1CA9C1E745,2140,40,1,False,,,1.0,1.0,0.21224595377948016
M2,q1,random_forest,P-244F9886F5,2160,20,"1,2,3",False,,0.5370794782559488,0.3333333333333333,0.15384615384615385,2.2238637919376947
M2,q1,random_forest,P-247758AEAC,2140,40,"1,2",False,,0.6551724137931034,0.4827586206896552,0.4117647058823529,0.7056607666343793
M2,q1,random_forest,P-326C04EAEB,2160,20,"1,2",False,,0.7967032967032968,0.5,0.3939393939393939,0.6671019387980358
M2,q1,random_forest,P-390B245CCC,2140,40,"1,2",False,,0.5555555555555556,0.5,0.3548387096774194,1.0991315380853313
M2,q1,random_forest,P-39DC795FB0,2120,60,"1,2,4",False,,0.43314525907350276,0.326241134751773,0.2893081761006289,0.8711289583894467
M2,q1,random_forest,P-3D44F7B564,2160,20,1,False,,,0.85,0.4594594594594595,0.6106304695519199
M2,q1,random_forest,P-3FD25AB949,2160,20,"1,2,3",False,,0.9519149831649831,0.375,0.3185185185185185,0.7986404364537142
M2,q1,random_forest,P-42CD4FF02E,2160,20,"1,2,3",False,,0.552744708994709,0.3055555555555555,0.18333333333333332,1.1567300783605163
M2,q1,random_forest,P-484A6A61BE,2120,60,"1,2,3,4",False,,0.6518196554224315,0.2638888888888889,0.1532051282051282,1.6718618642388845
M2,q1,random_forest,P-48B7FC4062,2160,20,"1,2,3",False,,0.6537908496732027,0.3333333333333333,0.2857142857142857,0.8630601232623183
M2,q1,random_forest,P-4CEF5A2144,2140,40,"1,2",False,,0.9234234234234234,0.5,0.4805194805194805,0.42205026128444717
M2,q1,random_forest,P-4D14B12359,2120,60,1,False,,,0.9,0.47368421052631576,0.49609067708846155
M2,q1,random_forest,P-4D43A127BA,2160,20,"1,2",False,,0.3046875,0.5,0.4444444444444444,0.7533186257703469
M2,q1,random_forest,P-541A203CCD,2100,80,"1,4",False,,0.59,0.45,0.125,2.547650287264922
M2,q1,random_forest,P-547A3B4455,2160,20,"2,3",False,,0.40625,0.0,0.0,1.8448315963952644
M2,q1,random_forest,P-54C61641A8,2140,40,"1,2",False,,0.9217032967032966,0.7307692307692308,0.7492163009404389,0.5590587356613821
M2,q1,random_forest,P-54FD02BC9C,2140,40,"1,2",False,,0.6839826839826839,0.6277056277056277,0.6571428571428571,0.6015311324956933
M2,q1,random_forest,P-5E54A83C78,2140,40,"1,2,3,4",False,,0.5519732196270088,0.23529411764705882,0.14285714285714285,1.8845727139656674
M2,q1,random_forest,P-67DCF8869F,2160,20,"1,2,4",False,,0.8066013071895425,0.5,0.4696969696969697,0.7922056155600212
M2,q1,random_forest,P-77327DFF2A,2160,20,"1,2,4",False,,0.7345867639985286,0.42424242424242425,0.3167701863354037,1.4143524629719237
M2,q1,random_forest,P-7A6E877C97,2140,40,1,False,,,1.0,1.0,0.265204561660728
M2,q1,random_forest,P-7BC40AF359,2160,20,"1,2,4",False,,0.5462962962962963,0.25925925925925924,0.2745098039215686,0.7709962061045597
M2,q1,random_forest,P-7E974EA92D,2160,20,"1,2,3",False,,0.44425062023746237,0.3333333333333333,0.23655913978494625,1.0481409263201766
M2,q1,random_forest,P-8016036889,2120,60,"1,2,3,4",False,,0.6730250661136473,0.2571428571428571,0.13055555555555556,1.517904451209629
M2,q1,random_forest,P-80904DAF11,2160,20,"1,2,3",False,,0.5659722222222222,0.30952380952380953,0.2626262626262626,0.9017746079471607
M2,q1,random_forest,P-826248DDD8,2140,40,"1,4",False,,0.8846153846153846,0.48717948717948717,0.3247863247863248,0.35986958180435935
M2,q1,random_forest,P-8405CEC183,2160,20,"1,2,3,4",False,,0.36284514553429026,0.19444444444444445,0.14,1.5855513014019265
M2,q1,random_forest,P-8EB079D859,2160,20,1,False,,,1.0,1.0,0.3798896326132105
M2,q1,random_forest,P-8EB2F3E5EB,2140,40,1,False,,,0.975,0.4936708860759494,0.37033798634944576
M2,q1,random_forest,P-90ADD44D40,2160,20,"1,2,3,4",False,,0.7126065570458953,0.25,0.11538461538461539,2.3142196151609276
M2,q1,random_forest,P-942BF8DF1B,2120,60,"1,2,3,4",False,,0.6510902323424862,0.31117021276595747,0.273552290406223,0.8739354920203993
M2,q1,random_forest,P-95F33174C1,2120,60,1,False,,,0.9833333333333333,0.4957983193277311,0.3150455202002135
M2,q1,random_forest,P-9EF7F8A151,2160,20,"1,2,3,4",False,,0.4437623779729043,0.2727272727272727,0.17628205128205127,1.1668976606216654
M2,q1,random_forest,P-AE146C9DF8,2140,40,"1,2,3",False,,0.524376665001665,0.3333333333333333,0.2962962962962963,0.6035611760749435
M2,q1,random_forest,P-AE42FA6330,2160,20,"1,2,3,4",False,,0.7247899159663865,0.25,0.14,1.6704284507136262
M2,q1,random_forest,P-AF79D1DE3B,2160,20,"1,2,3,4",False,,0.6727960721768771,0.25,0.1,1.8096193226352426
M2,q1,random_forest,P-B561FC8AA0,2160,20,"1,2",False,,0.8725490196078431,0.5,0.4594594594594595,0.43722811596162126
M2,q1,random_forest,P-B687D84AC3,2160,20,1,False,,,1.0,1.0,0.17612034052800446
M2,q1,random_forest,P-BAAF612E97,2160,20,"1,2,3",False,,0.51354347406979,0.3888888888888889,0.3629032258064517,0.8469560605206798
M2,q1,random_forest,P-BABD47FD2A,2140,40,"1,2",False,,0.7857142857142857,0.5,0.4666666666666667,0.4236066144995606
M2,q1,random_forest,P-BD38D55D80,2120,60,1,False,,,0.9666666666666667,0.3276836158192091,0.39989514741173193
M2,q1,random_forest,P-BD4404A67C,2120,60,"1,2,3,4",False,,0.49961945871317404,0.2833333333333333,0.24236874236874237,1.2616626589264577
M2,q1,random_forest,P-C27F41C52B,2120,60,"1,2,4",False,,0.695021178223571,0.3235294117647059,0.23655913978494625,1.081290142757702
M2,q1,random_forest,P-C783B3EE0A,2140,40,"1,3",False,,0.9671052631578947,0.5,0.48717948717948717,0.5042198922811122
M2,q1,random_forest,P-CB0D54D7B6,2160,20,"1,2,3,4",False,,0.7243071471012648,0.25,0.15517241379310345,1.3884428895164294
M2,q1,random_forest,P-CE34173F77,2160,20,"1,2,3",False,,0.7956429535376904,0.3076923076923077,0.25,0.7571197587532891
M2,q1,random_forest,P-D7469723BB,2160,20,"1,2,4",False,,0.7590114379084967,0.3333333333333333,0.25,1.0140258398958877
M2,q1,random_forest,P-ECFB6C2EB9,2160,20,"1,2",False,,0.8157894736842105,0.8947368421052632,0.6078431372549019,0.6283111414203888
M2,q1,random_forest,P-EDDA35F3C7,2160,20,"1,2,3,4",False,,0.6098484848484849,0.25,0.047619047619047616,2.6855448916160243
M2,q1,random_forest,P-EFFF04CC6B,2140,40,"1,2",False,,0.4856770833333333,0.4895833333333333,0.41328731665228646,0.9220952857749113
M2,q1,random_forest,P-F3CCAA8842,2120,60,1,False,,,0.9833333333333333,0.4957983193277311,0.41965687659221956
M2,q1,random_forest,P-FE9CDC44BE,2140,40,"1,2,3",False,,0.5833883997946497,0.375,0.1826012058570198,1.2750673787325133
M2,q2,logistic,P-001F33A876,2120,60,"2,3,4",False,,0.3816787427296037,0.35042735042735046,0.1991869918699187,1.0722939884498643
M2,q2,logistic,P-07BDD08C0C,2120,60,"2,3,4",False,,0.47394865003417636,0.3116883116883117,0.2826086956521739,1.0772322595542707
M2,q2,logistic,P-100AE58C58,2160,20,4,False,,,0.3,0.23076923076923078,0.8480074157689403
M2,q2,logistic,P-11AD0DCE87,2140,40,"2,3",False,,0.641025641025641,0.4230769230769231,0.3013698630136986,0.7688038549849889
M2,q2,logistic,P-12AD0E59EB,2160,20,4,False,,,0.05,0.047619047619047616,1.2097099345386648
M2,q2,logistic,P-18A2FC7D4E,2120,60,"2,3",False,,0.6425,0.3375,0.15604510883818515,1.4489075259172248
M2,q2,logistic,P-1A38BC21DA,2120,60,"3,4",False,,0.33999999999999997,0.3181818181818182,0.3684210526315789,0.8526262125961563
M2,q2,logistic,P-1A815101A0,2140,40,"3,4",False,,0.5232974910394266,0.5089605734767024,0.29292929292929293,0.9133994093115676
M2,q2,logistic,P-1CA9C1E745,2140,40,"2,3,4",False,,0.646618716931217,0.3194444444444444,0.29285714285714287,0.9058725000844021
M2,q2,logistic,P-244F9886F5,2160,20,"3,4",False,,0.46875,0.5625,0.29292929292929293,1.00267943183716
M2,q2,logistic,P-247758AEAC,2140,40,"2,3",False,,0.5171428571428571,0.4,0.2828282828282828,0.927695677621637
M2,q2,logistic,P-326C04EAEB,2160,20,"2,3,4",False,,0.7153829966329965,0.3636363636363636,0.2530864197530864,0.8707298870935773
M2,q2,logistic,P-390B245CCC,2140,40,"2,3,4",False,,0.6290519401953159,0.3776714513556618,0.3579059829059829,1.0582433846621486
M2,q2,logistic,P-39DC795FB0,2120,60,"1,2,3,4",False,,0.5852617350229652,0.2052197802197802,0.13065725908975337,1.45537854826133
M2,q2,logistic,P-3D44F7B564,2160,20,"2,3,4",False,,0.42063492063492064,0.2777777777777778,0.1388888888888889,1.219769973171492
M2,q2,logistic,P-3FD25AB949,2160,20,"2,3,4",False,,0.519160907318802,0.3636363636363636,0.2530864197530864,0.9301204452721594
M2,q2,logistic,P-42CD4FF02E,2160,20,"2,3,4",False,,0.5237325637325637,0.3333333333333333,0.2857142857142857,1.1312696842616385
M2,q2,logistic,P-484A6A61BE,2120,60,"1,2,3,4",False,,0.47559089612753186,0.3055555555555556,0.1985645933014354,1.602546381425054
M2,q2,logistic,P-48B7FC4062,2160,20,"2,3,4",False,,0.5644026733500418,0.3333333333333333,0.13333333333333333,1.0685896140876143
M2,q2,logistic,P-4CEF5A2144,2140,40,"2,3,4",False,,0.4747008547008547,0.32857142857142857,0.2676767676767677,0.9855106043820359
M2,q2,logistic,P-4D14B12359,2120,60,"2,3,4",False,,0.677185960591133,0.5476190476190476,0.31329016342892385,0.8416462538823329
M2,q2,logistic,P-4D43A127BA,2160,20,"2,3,4",False,,0.6944889750772104,0.3952380952380952,0.35555555555555557,0.9814376444690275
M2,q2,logistic,P-541A203CCD,2100,80,4,False,,,0.025,0.024390243902439025,0.9767885284755813
M2,q2,logistic,P-547A3B4455,2160,20,3,False,,,0.9,0.47368421052631576,0.789167946043899
M2,q2,logistic,P-54C61641A8,2140,40,"2,3,4",False,,0.5631867547657021,0.26464646464646463,0.22095238095238093,0.9060196556385154
M2,q2,logistic,P-54FD02BC9C,2140,40,"2,3,4",False,,0.8113731297941825,0.48888888888888893,0.3862068965517242,0.8526346828929745
M2,q2,logistic,P-5E54A83C78,2140,40,"1,2,3,4",False,,0.7477217035837725,0.27045454545454545,0.16509988249118684,1.8720659557248802
M2,q2,logistic,P-67DCF8869F,2160,20,"2,3",False,,0.765625,0.25,0.14035087719298245,1.4033667658822684
M2,q2,logistic,P-77327DFF2A,2160,20,"1,2,3,4",False,,0.6281109926257953,0.25,0.1875,1.5047287134777594
M2,q2,logistic,P-7A6E877C97,2140,40,"2,3,4",False,,0.7038931558286396,0.4435483870967742,0.31732418524871353,0.9405168798934918
M2,q2,logistic,P-7BC40AF359,2160,20,"1,2,3",False,,0.5391865079365079,0.2777777777777778,0.13333333333333333,1.9950261533863376
M2,q2,logistic,P-7E974EA92D,2160,20,"2,3,4",False,,0.26281415343915343,0.25,0.235042735042735,1.0005720963892402
M2,q2,logistic,P-8016036889,2120,60,"1,2,3",False,,0.6037187897954182,0.3066666666666667,0.1402439024390244,1.5528893917143
M2,q2,logistic,P-80904DAF11,2160,20,"2,3,4",False,,0.8029167469956944,0.5634920634920635,0.5444444444444444,0.8120281986178066
M2,q2,logistic,P-826248DDD8,2140,40,"3,4",False,,0.5877742946708464,0.4780564263322884,0.3142857142857143,0.8565434093547994
M2,q2,logistic,P-8405CEC183,2160,20,3,False,,,0.8,0.4444444444444444,0.7706582823963506
M2,q2,logistic,P-8EB079D859,2160,20,"3,4",False,,0.6862745098039216,0.5882352941176471,0.3,0.9390096273824122
M2,q2,logistic,P-8EB2F3E5EB,2140,40,"2,3",False,,0.7673611111111112,0.3611111111111111,0.26666666666666666,0.8615278476128644
M2,q2,logistic,P-90ADD44D40,2160,20,"1,2,3,4",False,,0.5037836673130791,0.25,0.14,2.1299003430128436
M2,q2,logistic,P-942BF8DF1B,2120,60,"1,3,4",False,,0.5835856910790006,0.3153717627401838,0.19729907773386035,1.1108951721683447
M2,q2,logistic,P-95F33174C1,2120,60,"3,4",False,,0.5439377085650724,0.5339265850945495,0.5333333333333333,0.8204468205783271
M2,q2,logistic,P-9EF7F8A151,2160,20,"3,4",False,,0.13157894736842105,0.05263157894736842,0.09090909090909091,1.0106033559943786
M2,q2,logistic,P-AE146C9DF8,2140,40,4,False,,,0.1,0.09090909090909091,0.93665917066422
M2,q2,logistic,P-AE42FA6330,2160,20,"2,3,4",False,,0.4579698444830023,0.19047619047619047,0.12121212121212122,1.6283858151104027
M2,q2,logistic,P-AF79D1DE3B,2160,20,"2,3,4",False,,0.3297443297443297,0.22077922077922077,0.1603864734299517,1.099092176613861
M2,q2,logistic,P-B561FC8AA0,2160,20,"3,4",False,,0.7083333333333334,0.5555555555555556,0.2,1.027779177918833
M2,q2,logistic,P-B687D84AC3,2160,20,"3,4",False,,0.6488095238095238,0.7142857142857143,0.7333333333333334,0.7674620810939686
M2,q2,logistic,P-BAAF612E97,2160,20,"2,3",False,,0.640625,0.375,0.20689655172413793,1.2870932003069904
M2,q2,logistic,P-BABD47FD2A,2140,40,"2,3,4",False,,0.5338407346900428,0.36309523809523814,0.30718954248366015,1.169546924282841
M2,q2,logistic,P-BD38D55D80,2120,60,"2,3,4",False,,0.5821046802559408,0.3183006535947713,0.1750915750915751,1.075742480903306
M2,q2,logistic,P-BD4404A67C,2120,60,"1,2,3,4",False,,0.7291807731290173,0.34770114942528735,0.3181818181818182,1.0392965721868752
M2,q2,logistic,P-C27F41C52B,2120,60,"3,4",False,,0.5750962772785623,0.6148908857509627,0.6148908857509627,0.8267262965111993
M2,q2,logistic,P-C783B3EE0A,2140,40,4,False,,,0.05,0.047619047619047616,1.0639947613601897
M2,q2,logistic,P-CB0D54D7B6,2160,20,"2,3,4",False,,0.7595906432748537,0.46296296296296297,0.4541062801932367,0.9022785953842183
M2,q2,logistic,P-CE34173F77,2160,20,"3,4",False,,0.4296875,0.59375,0.3483709273182957,0.9204336281217177
M2,q2,logistic,P-D7469723BB,2160,20,"2,3,4",False,,0.818419945064682,0.6363636363636364,0.4047619047619048,1.2162006964407621
M2,q2,logistic,P-ECFB6C2EB9,2160,20,"3,4",False,,0.37,0.45,0.3732193732193732,0.97945946643111
M2,q2,logistic,P-EDDA35F3C7,2160,20,"1,2,3",False,,0.5932414369256475,0.26666666666666666,0.08695652173913043,1.8347967922004014
M2,q2,logistic,P-EFFF04CC6B,2140,40,"3,4",False,,0.4583333333333333,0.494047619047619,0.48231233822260566,0.8786124418691514
M2,q2,logistic,P-F3CCAA8842,2120,60,"2,3,4",False,,0.6324202982952257,0.46403242147922996,0.2496947496947497,1.197254327538906
M2,q2,logistic,P-FE9CDC44BE,2140,40,"2,3",False,,0.6666666666666667,0.3783783783783784,0.2745098039215686,0.8328200963560277
M2,q2,random_forest,P-001F33A876,2120,60,"2,3,4",False,,0.6450216667227867,0.32343679712100765,0.2286634460547504,1.0568811871620576
M2,q2,random_forest,P-07BDD08C0C,2120,60,"2,3,4",False,,0.4235616598313967,0.3051948051948052,0.2714285714285714,1.1281949041658583
M2,q2,random_forest,P-100AE58C58,2160,20,4,False,,,0.3,0.23076923076923078,1.0096644278720037
M2,q2,random_forest,P-11AD0DCE87,2140,40,"2,3",False,,0.9487179487179487,0.3974358974358974,0.29523809523809524,0.7540236618627192
M2,q2,random_forest,P-12AD0E59EB,2160,20,4,False,,,0.0,0.0,1.249077257619512
M2,q2,random_forest,P-18A2FC7D4E,2120,60,"2,3",False,,0.63625,0.3,0.12698412698412698,1.5136962857964318
M2,q2,random_forest,P-1A38BC21DA,2120,60,"3,4",False,,0.4054545454545455,0.41818181818181815,0.24571428571428572,1.0428925979213426
M2,q2,random_forest,P-1A815101A0,2140,40,"3,4",False,,0.48566308243727596,0.5089605734767024,0.29292929292929293,0.9875534874598756
M2,q2,random_forest,P-1CA9C1E745,2140,40,"2,3,4",False,,0.6221891534391535,0.36111111111111116,0.2768873403019744,0.970307122950657
M2,q2,random_forest,P-244F9886F5,2160,20,"3,4",False,,0.3828125,0.34375,0.34065934065934067,0.9255831361315112
M2,q2,random_forest,P-247758AEAC,2140,40,"2,3",False,,0.43142857142857144,0.17142857142857143,0.16,1.0647302093514504
M2,q2,random_forest,P-326C04EAEB,2160,20,"2,3,4",False,,0.7845117845117846,0.3522727272727273,0.28190476190476194,0.7776679109676188
M2,q2,random_forest,P-390B245CCC,2140,40,"2,3,4",False,,0.4970721998308205,0.2821371610845295,0.27837609544926617,1.1945905018562477
M2,q2,random_forest,P-39DC795FB0,2120,60,"1,2,3,4",False,,0.5515697458975396,0.23389110889110887,0.1853185035389282,1.372221096707954
M2,q2,random_forest,P-3D44F7B564,2160,20,"2,3,4",False,,0.6378968253968255,0.40277777777777785,0.30952380952380953,1.1848379268009694
M2,q2,random_forest,P-3FD25AB949,2160,20,"2,3,4",False,,0.5122164628743576,0.29924242424242425,0.26916221033868093,0.9641858006792476
M2,q2,random_forest,P-42CD4FF02E,2160,20,"2,3,4",False,,0.48428090428090426,0.25925925925925924,0.1724941724941725,1.1470057484152014
M2,q2,random_forest,P-484A6A61BE,2120,60,"1,2,3,4",False,,0.4951712565231657,0.29365079365079366,0.19412442396313365,1.545039398833051
M2,q2,random_forest,P-48B7FC4062,2160,20,"2,3,4",False,,0.31201336675020885,0.35714285714285715,0.1865942028985507,1.0921339391325515
M2,q2,random_forest,P-4CEF5A2144,2140,40,"2,3,4",False,,0.6418656898656899,0.38952380952380955,0.32196969696969696,1.0111869719302506
M2,q2,random_forest,P-4D14B12359,2120,60,"2,3,4",False,,0.7413793103448275,0.44047619047619047,0.35042735042735046,0.7540117481902866
M2,q2,random_forest,P-4D43A127BA,2160,20,"2,3,4",False,,0.4563865546218487,0.34761904761904766,0.28835978835978837,1.0298648827568249
M2,q2,random_forest,P-541A203CCD,2100,80,4,False,,,0.0625,0.058823529411764705,1.3529597435670335
M2,q2,random_forest,P-547A3B4455,2160,20,3,False,,,0.9,0.47368421052631576,0.6772696978248098
M2,q2,random_forest,P-54C61641A8,2140,40,"2,3,4",False,,0.581147565884408,0.3515151515151515,0.2730015082956259,0.9141801371022522
M2,q2,random_forest,P-54FD02BC9C,2140,40,"2,3,4",False,,0.5605308726361359,0.25858585858585864,0.25396825396825395,0.9053086549420399
M2,q2,random_forest,P-5E54A83C78,2140,40,"1,2,3,4",False,,0.6658916658054588,0.29772727272727273,0.20793114543114544,1.9144662010917508
M2,q2,random_forest,P-67DCF8869F,2160,20,"2,3",False,,0.7135416666666666,0.3333333333333333,0.2222222222222222,1.1572477820900275
M2,q2,random_forest,P-77327DFF2A,2160,20,"1,2,3,4",False,,0.5852936126373627,0.25,0.19090909090909092,1.4930767656841133
M2,q2,random_forest,P-7A6E877C97,2140,40,"2,3,4",False,,0.5156349206349207,0.35752688172043007,0.21711366538952745,1.051619335649189
M2,q2,random_forest,P-7BC40AF359,2160,20,"1,2,3",False,,0.47966269841269843,0.2777777777777778,0.11904761904761904,2.1953490946541847
M2,q2,random_forest,P-7E974EA92D,2160,20,"2,3,4",False,,0.38673941798941797,0.2738095238095238,0.25813692480359146,0.9729880287644948
M2,q2,random_forest,P-8016036889,2120,60,"1,2,3",False,,0.5919368580901149,0.15676767676767678,0.0993212669683258,1.693870731516235
M2,q2,random_forest,P-80904DAF11,2160,20,"2,3,4",False,,0.47666843390527597,0.3849206349206349,0.3695652173913044,0.8840747612378765
M2,q2,random_forest,P-826248DDD8,2140,40,"3,4",False,,0.7006269592476488,0.6896551724137931,0.55,0.8100613426008421
M2,q2,random_forest,P-8405CEC183,2160,20,3,False,,,0.85,0.4594594594594595,0.7436301521061459
M2,q2,random_forest,P-8EB079D859,2160,20,"3,4",False,,0.5686274509803921,0.7352941176470589,0.52,0.9056626456987595
M2,q2,random_forest,P-8EB2F3E5EB,2140,40,"2,3",False,,0.6875,0.3055555555555556,0.24858757062146894,0.9127149380296338
M2,q2,random_forest,P-90ADD44D40,2160,20,"1,2,3,4",False,,0.5834109028226675,0.2619047619047619,0.1875,3.8484039016736595
M2,q2,random_forest,P-942BF8DF1B,2120,60,"1,3,4",False,,0.61965978647513,0.2656641604010025,0.21683673469387754,1.0601985144789823
M2,q2,random_forest,P-95F33174C1,2120,60,"3,4",False,,0.49276974416017794,0.5550611790878754,0.4993581514762516,0.8205839880816708
M2,q2,random_forest,P-9EF7F8A151,2160,20,"3,4",False,,0.02631578947368421,0.05263157894736842,0.09090909090909091,1.0536727089945312
M2,q2,random_forest,P-AE146C9DF8,2140,40,4,False,,,0.15,0.13043478260869565,1.0451589823217158
M2,q2,random_forest,P-AE42FA6330,2160,20,"2,3,4",False,,0.37004570721675983,0.14285714285714285,0.11764705882352942,1.7791682178689734
M2,q2,random_forest,P-AF79D1DE3B,2160,20,"2,3,4",False,,0.3348873348873349,0.3376623376623377,0.3158974358974359,1.079664837399835
M2,q2,random_forest,P-B561FC8AA0,2160,20,"3,4",False,,0.3333333333333333,0.5555555555555556,0.2,1.0618332448863954
M2,q2,random_forest,P-B687D84AC3,2160,20,"3,4",False,,0.6190476190476191,0.5,0.23076923076923078,0.9592168859989032
M2,q2,random_forest,P-BAAF612E97,2160,20,"2,3",False,,0.41145833333333337,0.4583333333333333,0.23655913978494625,1.4132587904056844
M2,q2,random_forest,P-BABD47FD2A,2140,40,"2,3,4",False,,0.6069363238785312,0.5198412698412699,0.4312925170068027,1.1797870194456639
M2,q2,random_forest,P-BD38D55D80,2120,60,"2,3,4",False,,0.610271486994176,0.34598930481283424,0.2561518584774399,1.0914035888616296
M2,q2,random_forest,P-BD4404A67C,2120,60,"1,2,3,4",False,,0.7437889047581661,0.2721674876847291,0.24795081967213115,1.000955033898868
M2,q2,random_forest,P-C27F41C52B,2120,60,"3,4",False,,0.6225930680359435,0.6065468549422337,0.5911111111111111,0.8076504872090324
M2,q2,random_forest,P-C783B3EE0A,2140,40,4,False,,,0.1,0.06060606060606061,1.2105661339362856
M2,q2,random_forest,P-CB0D54D7B6,2160,20,"2,3,4",False,,0.44496367180577706,0.14444444444444446,0.15128205128205127,1.0933251724630015
M2,q2,random_forest,P-CE34173F77,2160,20,"3,4",False,,0.5546875,0.5,0.45054945054945056,0.9515923610324617
M2,q2,random_forest,P-D7469723BB,2160,20,"2,3,4",False,,0.8353601807549177,0.6893939393939394,0.48944099378881994,1.1134269801578802
M2,q2,random_forest,P-ECFB6C2EB9,2160,20,"3,4",False,,0.3,0.44999999999999996,0.4373401534526854,0.9989973555219109
M2,q2,random_forest,P-EDDA35F3C7,2160,20,"1,2,3",False,,0.5857727652464495,0.2238095238095238,0.10476190476190475,1.7094518170707462
M2,q2,random_forest,P-EFFF04CC6B,2140,40,"3,4",False,,0.5416666666666667,0.4583333333333333,0.3240454076367389,0.9467594315941976
M2,q2,random_forest,P-F3CCAA8842,2120,60,"2,3,4",False,,0.6429527658953592,0.5845997973657547,0.42747252747252745,1.0404853607728684
M2,q2,random_forest,P-FE9CDC44BE,2140,40,"2,3",False,,0.7072072072072072,0.40540540540540543,0.2898550724637681,0.8459706054137154
M3,q1,logistic,P-001F33A876,2120,60,"1,2,3",False,,0.7599369933009884,0.37777777777777777,0.36225975538730343,0.7216068595596157
M3,q1,logistic,P-07BDD08C0C,2120,60,"1,2,3",False,,0.6312762813318369,0.3333333333333333,0.28205128205128205,0.8114175071654536
M3,q1,logistic,P-100AE58C58,2160,20,"1,2,3",False,,0.5568382352941177,0.3333333333333333,0.25806451612903225,1.275303758983616
M3,q1,logistic,P-11AD0DCE87,2140,40,1,False,,,1.0,1.0,0.38236056222208686
M3,q1,logistic,P-12AD0E59EB,2160,20,"1,2",False,,0.5263157894736843,0.42105263157894735,0.4444444444444444,0.6198615991321643
M3,q1,logistic,P-18A2FC7D4E,2120,60,"1,2,3",False,,0.8886428877171887,0.3333333333333333,0.2222222222222222,0.9187027818632048
M3,q1,logistic,P-1A38BC21DA,2120,60,"1,2,3",False,,0.5842747158022735,0.3333333333333333,0.26666666666666666,0.9164671993883537
M3,q1,logistic,P-1A815101A0,2140,40,"1,2,3",False,,0.911263397780535,0.5,0.5306799336650082,0.5621035666075496
M3,q1,logistic,P-1CA9C1E745,2140,40,1,False,,,1.0,1.0,0.2916962582915687
M3,q1,logistic,P-244F9886F5,2160,20,"1,2,3",False,,0.5364923747276689,0.3333333333333333,0.15384615384615385,2.0890647863859098
M3,q1,logistic,P-247758AEAC,2140,40,"1,2",False,,0.7852664576802508,0.5282131661442007,0.49483352468427094,0.6728901553316784
M3,q1,logistic,P-326C04EAEB,2160,20,"1,2",False,,0.7692307692307692,0.5,0.3939393939393939,0.7091063386589651
M3,q1,logistic,P-390B245CCC,2140,40,"1,2",False,,0.5757575757575757,0.5,0.3548387096774194,1.0469224209802206
M3,q1,logistic,P-39DC795FB0,2120,60,"1,2,4",False,,0.5408679474699499,0.326241134751773,0.2893081761006289,0.7871718806969562
M3,q1,logistic,P-3D44F7B564,2160,20,1,False,,,0.95,0.48717948717948717,0.5401643806106076
M3,q1,logistic,P-3FD25AB949,2160,20,"1,2,3",False,,0.818392255892256,0.3333333333333333,0.23655913978494625,0.9019905392288446
M3,q1,logistic,P-42CD4FF02E,2160,20,"1,2,3",False,,0.732473544973545,0.3333333333333333,0.25,0.9684779152932658
M3,q1,logistic,P-484A6A61BE,2120,60,"1,2,3,4",False,,0.6479813715352065,0.25,0.1282051282051282,1.5844897530672724
M3,q1,logistic,P-48B7FC4062,2160,20,"1,2,3",False,,0.6630283224400871,0.3333333333333333,0.2857142857142857,0.8335662461558538
M3,q1,logistic,P-4CEF5A2144,2140,40,"1,2",False,,0.9369369369369369,0.5,0.4805194805194805,0.40243482357993743
M3,q1,logistic,P-4D14B12359,2120,60,1,False,,,0.9833333333333333,0.4957983193277311,0.40310704443181
M3,q1,logistic,P-4D43A127BA,2160,20,"1,2",False,,0.453125,0.5,0.4444444444444444,0.6470715381098264
M3,q1,logistic,P-541A203CCD,2100,80,"1,4",False,,0.3783333333333333,0.5,0.2,2.8502875079551346
M3,q1,logistic,P-547A3B4455,2160,20,"2,3",False,,0.453125,0.0,0.0,1.6821392981219858
M3,q1,logistic,P-54C61641A8,2140,40,"1,2",False,,0.9024725274725275,0.5357142857142857,0.4666666666666667,0.6596762063384283
M3,q1,logistic,P-54FD02BC9C,2140,40,"1,2",False,,0.7727272727272727,0.5,0.4520547945205479,0.5458845280128184
M3,q1,logistic,P-5E54A83C78,2140,40,"1,2,3,4",False,,0.4739665853543899,0.23529411764705882,0.15384615384615385,2.1557769253378187
M3,q1,logistic,P-67DCF8869F,2160,20,"1,2,4",False,,0.6655337690631808,0.3333333333333333,0.29411764705882354,1.1635129307296352
M3,q1,logistic,P-77327DFF2A,2160,20,"1,2,4",False,,0.7425869337634042,0.3636363636363636,0.21555555555555553,1.28361137925341
M3,q1,logistic,P-7A6E877C97,2140,40,1,False,,,1.0,1.0,0.3093275181994253
M3,q1,logistic,P-7BC40AF359,2160,20,"1,2,4",False,,0.7348927875243665,0.3148148148148148,0.3148148148148148,0.6416271569115202
M3,q1,logistic,P-7E974EA92D,2160,20,"1,2,3",False,,0.4899377547403863,0.3333333333333333,0.23655913978494625,1.0485071078300852
M3,q1,logistic,P-8016036889,2120,60,"1,2,3,4",False,,0.7129078191435771,0.2642857142857143,0.14036036036036037,1.3761284167879224
M3,q1,logistic,P-80904DAF11,2160,20,"1,2,3",False,,0.6877480158730158,0.4166666666666667,0.4161616161616162,0.8944543122239933
M3,q1,logistic,P-826248DDD8,2140,40,"1,4",False,,0.5641025641025641,0.5,0.4936708860759494,0.39067646004738726
M3,q1,logistic,P-8405CEC183,2160,20,"1,2,3,4",False,,0.40031986927546137,0.2847222222222222,0.23148148148148145,1.5480136152450206
M3,q1,logistic,P-8EB079D859,2160,20,1,False,,,1.0,1.0,0.3715036109006463
M3,q1,logistic,P-8EB2F3E5EB,2140,40,1,False,,,0.975,0.4936708860759494,0.47423262650861686
M3,q1,logistic,P-90ADD44D40,2160,20,"1,2,3,4",False,,0.5503149577138547,0.25,0.11538461538461539,2.2013040946511007
M3,q1,logistic,P-942BF8DF1B,2120,60,"1,2,3,4",False,,0.5823843315447624,0.24468085106382978,0.22115384615384615,0.7922670590001927
M3,q1,logistic,P-95F33174C1,2120,60,1,False,,,1.0,1.0,0.3837320163904663
M3,q1,logistic,P-9EF7F8A151,2160,20,"1,2,3,4",False,,0.710555526345,0.25,0.12962962962962962,1.0735029426268838
M3,q1,logistic,P-AE146C9DF8,2140,40,"1,2,3",False,,0.6365930076867578,0.38095238095238093,0.3838028169014085,0.6104749111273918
M3,q1,logistic,P-AE42FA6330,2160,20,"1,2,3,4",False,,0.6869209222150399,0.25,0.12962962962962962,1.6817054481971379
M3,q1,logistic,P-AF79D1DE3B,2160,20,"1,2,3,4",False,,0.7351846639772336,0.25,0.1,1.9446743475635224
M3,q1,logistic,P-B561FC8AA0,2160,20,"1,2",False,,0.9607843137254901,0.5,0.4594594594594595,0.42896310877709676
M3,q1,logistic,P-B687D84AC3,2160,20,1,False,,,1.0,1.0,0.25184101294398525
M3,q1,logistic,P-BAAF612E97,2160,20,"1,2,3",False,,0.7738095238095238,0.3888888888888889,0.36607142857142855,0.7987413894597922
M3,q1,logistic,P-BABD47FD2A,2140,40,"1,2",False,,0.9228571428571429,0.6,0.6396396396396397,0.42400522635610616
M3,q1,logistic,P-BD38D55D80,2120,60,1,False,,,0.9833333333333333,0.4957983193277311,0.3457788649436241
M3,q1,logistic,P-BD4404A67C,2120,60,"1,2,3,4",False,,0.5974840251775602,0.26666666666666666,0.21419437340153452,1.1338624824596606
M3,q1,logistic,P-C27F41C52B,2120,60,"1,2,4",False,,0.6814527552872517,0.3333333333333333,0.24113475177304966,0.9602881231885368
M3,q1,logistic,P-C783B3EE0A,2140,40,"1,3",False,,0.9210526315789473,0.5,0.48717948717948717,0.46665667542139244
M3,q1,logistic,P-CB0D54D7B6,2160,20,"1,2,3,4",False,,0.7619418979713096,0.25,0.15517241379310345,1.4402190045053147
M3,q1,logistic,P-CE34173F77,2160,20,"1,2,3",False,,0.8162393162393163,0.3076923076923077,0.25,0.8295762122350169
M3,q1,logistic,P-D7469723BB,2160,20,"1,2,4",False,,0.6195751633986928,0.3333333333333333,0.25,1.1514016509881622
M3,q1,logistic,P-ECFB6C2EB9,2160,20,"1,2",False,,1.0,1.0,1.0,0.510333964862732
M3,q1,logistic,P-EDDA35F3C7,2160,20,"1,2,3,4",False,,0.5677524324123588,0.25,0.045454545454545456,2.572651837825186
M3,q1,logistic,P-EFFF04CC6B,2140,40,"1,2",False,,0.45703125,0.5104166666666667,0.42652329749103945,0.8820749870524184
M3,q1,logistic,P-F3CCAA8842,2120,60,1,False,,,0.9833333333333333,0.4957983193277311,0.4676307792800805
M3,q1,logistic,P-FE9CDC44BE,2140,40,"1,2,3",False,,0.5407691267066267,0.3645833333333333,0.1632034632034632,1.320879035969608
M3,q1,random_forest,P-001F33A876,2120,60,"1,2,3",False,,0.7915633104053942,0.35555555555555557,0.3227124183006536,0.7120496501540488
M3,q1,random_forest,P-07BDD08C0C,2120,60,"1,2,3",False,,0.5549395342312009,0.3924242424242424,0.3863924854023864,0.9543295327092803
M3,q1,random_forest,P-100AE58C58,2160,20,"1,2,3",False,,0.5639869281045752,0.3333333333333333,0.25806451612903225,1.3816328052973819
M3,q1,random_forest,P-11AD0DCE87,2140,40,1,False,,,0.975,0.4936708860759494,0.368251824227097
M3,q1,random_forest,P-12AD0E59EB,2160,20,"1,2",False,,0.5,0.34210526315789475,0.3939393939393939,0.6898912636149113
M3,q1,random_forest,P-18A2FC7D4E,2120,60,"1,2,3",False,,0.8822515077434856,0.41379310344827586,0.3705934850513164,0.8619841383543201
M3,q1,random_forest,P-1A38BC21DA,2120,60,"1,2,3",False,,0.5414997946683092,0.3333333333333333,0.26666666666666666,1.0077570297745688
M3,q1,random_forest,P-1A815101A0,2140,40,"1,2,3",False,,0.7597575475599668,0.375,0.3693121693121693,0.6686858228164224
M3,q1,random_forest,P-1CA9C1E745,2140,40,1,False,,,1.0,1.0,0.17218940435848004
M3,q1,random_forest,P-244F9886F5,2160,20,"1,2,3",False,,0.4327872563166681,0.3333333333333333,0.15384615384615385,2.199765098171192
M3,q1,random_forest,P-247758AEAC,2140,40,"1,2",False,,0.5407523510971787,0.5893416927899686,0.5833333333333334,0.8186112969332819
M3,q1,random_forest,P-326C04EAEB,2160,20,"1,2",False,,0.7032967032967032,0.5989010989010989,0.6011396011396011,0.6747681261060267
M3,q1,random_forest,P-390B245CCC,2140,40,"1,2",False,,0.6224747474747474,0.4823232323232323,0.38660209846650523,0.9136722730785799
M3,q1,random_forest,P-39DC795FB0,2120,60,"1,2,4",False,,0.6612631876112268,0.3333333333333333,0.29283489096573206,0.7259294911444133
M3,q1,random_forest,P-3D44F7B564,2160,20,1,False,,,0.9,0.47368421052631576,0.6087339308122084
M3,q1,random_forest,P-3FD25AB949,2160,20,"1,2,3",False,,0.7894349193691298,0.3333333333333333,0.23655913978494625,0.9348782921186733
M3,q1,random_forest,P-42CD4FF02E,2160,20,"1,2,3",False,,0.7141203703703703,0.3888888888888889,0.3681257014590347,0.8994096446073222
M3,q1,random_forest,P-484A6A61BE,2120,60,"1,2,3,4",False,,0.5919256920247773,0.2513888888888889,0.14772727272727273,1.7605941760230115
M3,q1,random_forest,P-48B7FC4062,2160,20,"1,2,3",False,,0.5876252723311547,0.3333333333333333,0.2857142857142857,0.8503931100290407
M3,q1,random_forest,P-4CEF5A2144,2140,40,"1,2",False,,0.527027027027027,0.47297297297297297,0.4666666666666667,0.5670998900945496
M3,q1,random_forest,P-4D14B12359,2120,60,1,False,,,0.9666666666666667,0.3276836158192091,0.4527386870239914
M3,q1,random_forest,P-4D43A127BA,2160,20,"1,2",False,,0.5703125,0.46875,0.42857142857142855,0.6746218603535892
M3,q1,random_forest,P-541A203CCD,2100,80,"1,4",False,,0.5829166666666667,0.5,0.13468013468013468,2.6778742845393797
M3,q1,random_forest,P-547A3B4455,2160,20,"2,3",False,,0.46875,0.0,0.0,1.637949912378191
M3,q1,random_forest,P-54C61641A8,2140,40,"1,2",False,,0.8337912087912088,0.6208791208791209,0.6238244514106583,0.7453322023153992
M3,q1,random_forest,P-54FD02BC9C,2140,40,"1,2",False,,0.6839826839826839,0.6233766233766234,0.609375,0.6218790800346973
M3,q1,random_forest,P-5E54A83C78,2140,40,"1,2,3,4",False,,0.6508524869340592,0.23529411764705882,0.14545454545454545,1.4878079969489282
M3,q1,random_forest,P-67DCF8869F,2160,20,"1,2,4",False,,0.7215686274509804,0.5,0.4696969696969697,0.8332769659152085
M3,q1,random_forest,P-77327DFF2A,2160,20,"1,2,4",False,,0.6698426845485669,0.5606060606060606,0.46115288220551376,1.369575349315727
M3,q1,random_forest,P-7A6E877C97,2140,40,1,False,,,1.0,1.0,0.29186720231800684
M3,q1,random_forest,P-7BC40AF359,2160,20,"1,2,4",False,,0.9722222222222222,0.3333333333333333,0.3157894736842105,0.6447359435928357
M3,q1,random_forest,P-7E974EA92D,2160,20,"1,2,3",False,,0.24302786638312956,0.30303030303030304,0.2222222222222222,1.092519150644606
M3,q1,random_forest,P-8016036889,2120,60,"1,2,3,4",False,,0.7232444783966633,0.2642857142857143,0.14523809523809522,1.4290551013459007
M3,q1,random_forest,P-80904DAF11,2160,20,"1,2,3",False,,0.7584325396825397,0.39285714285714285,0.3819444444444444,0.8421987978596303
M3,q1,random_forest,P-826248DDD8,2140,40,"1,4",False,,0.6538461538461539,0.47435897435897434,0.3203463203463203,0.4118391772603278
M3,q1,random_forest,P-8405CEC183,2160,20,"1,2,3,4",False,,0.558156458855472,0.2222222222222222,0.14285714285714285,1.6180344550009813
M3,q1,random_forest,P-8EB079D859,2160,20,1,False,,,1.0,1.0,0.36902927789920204
M3,q1,random_forest,P-8EB2F3E5EB,2140,40,1,False,,,0.975,0.4936708860759494,0.3490905633027076
M3,q1,random_forest,P-90ADD44D40,2160,20,"1,2,3,4",False,,0.6455833535337212,0.25,0.11538461538461539,1.9522766403917569
M3,q1,random_forest,P-942BF8DF1B,2120,60,"1,2,3,4",False,,0.5496286923948752,0.22340425531914893,0.21,0.8181595453317801
M3,q1,random_forest,P-95F33174C1,2120,60,1,False,,,1.0,1.0,0.294560105045449
M3,q1,random_forest,P-9EF7F8A151,2160,20,"1,2,3,4",False,,0.5475226527858107,0.25,0.12962962962962962,1.1609325581940202
M3,q1,random_forest,P-AE146C9DF8,2140,40,"1,2,3",False,,0.6734094898157398,0.3333333333333333,0.2962962962962963,0.5977715418528264
M3,q1,random_forest,P-AE42FA6330,2160,20,"1,2,3,4",False,,0.5430941607412195,0.3333333333333333,0.2236024844720497,1.8156130463365237
M3,q1,random_forest,P-AF79D1DE3B,2160,20,"1,2,3,4",False,,0.6790443131000407,0.25,0.1,1.8358895172521108
M3,q1,random_forest,P-B561FC8AA0,2160,20,"1,2",False,,0.8529411764705883,0.47058823529411764,0.2962962962962963,0.4811170498833466
M3,q1,random_forest,P-B687D84AC3,2160,20,1,False,,,1.0,1.0,0.14388093321605383
M3,q1,random_forest,P-BAAF612E97,2160,20,"1,2,3",False,,0.726511792301266,0.3376068376068376,0.3195402298850574,0.761693689505842
M3,q1,random_forest,P-BABD47FD2A,2140,40,"1,2",False,,0.7857142857142857,0.6,0.6396396396396397,0.41315836154187113
M3,q1,random_forest,P-BD38D55D80,2120,60,1,False,,,1.0,1.0,0.2709881464474622
M3,q1,random_forest,P-BD4404A67C,2120,60,"1,2,3,4",False,,0.47397085559752045,0.27598039215686276,0.23596491228070174,1.2294483231911826
M3,q1,random_forest,P-C27F41C52B,2120,60,"1,2,4",False,,0.6073065784331986,0.37333333333333335,0.32051282051282054,0.8504300030827959
M3,q1,random_forest,P-C783B3EE0A,2140,40,"1,3",False,,0.6776315789473684,0.4868421052631579,0.3203463203463203,0.4750841671705991
M3,q1,random_forest,P-CB0D54D7B6,2160,20,"1,2,3,4",False,,0.6922587216704864,0.25,0.15517241379310345,1.587189228997566
M3,q1,random_forest,P-CE34173F77,2160,20,"1,2,3",False,,0.7872405372405372,0.39316239316239315,0.3862068965517242,0.8123598337430055
M3,q1,random_forest,P-D7469723BB,2160,20,"1,2,4",False,,0.7148774509803921,0.3333333333333333,0.25,1.1957076297552605
M3,q1,random_forest,P-ECFB6C2EB9,2160,20,"1,2",False,,1.0,0.9473684210526316,0.7222222222222222,0.477827007213351
M3,q1,random_forest,P-EDDA35F3C7,2160,20,"1,2,3,4",False,,0.7032294451871658,0.25,0.05,2.4175068101570476
M3,q1,random_forest,P-EFFF04CC6B,2140,40,"1,2",False,,0.5716145833333334,0.4375,0.3442622950819672,0.8496548396957125
M3,q1,random_forest,P-F3CCAA8842,2120,60,1,False,,,1.0,1.0,0.287916460260206
M3,q1,random_forest,P-FE9CDC44BE,2140,40,"1,2,3",False,,0.5004635121822621,0.40029761904761907,0.28095238095238095,1.0878736518689311
M3,q2,logistic,P-001F33A876,2120,60,"2,3,4",False,,0.44310143858636614,0.3333333333333333,0.16033755274261605,1.0211456603192441
M3,q2,logistic,P-07BDD08C0C,2120,60,"2,3,4",False,,0.5583721377306904,0.393939393939394,0.3236650304923397,1.037619902121429
M3,q2,logistic,P-100AE58C58,2160,20,4,False,,,0.1,0.09090909090909091,0.9704610502503248
M3,q2,logistic,P-11AD0DCE87,2140,40,"2,3",False,,0.8205128205128205,0.44871794871794873,0.3111111111111111,0.7594519327296991
M3,q2,logistic,P-12AD0E59EB,2160,20,4,False,,,0.4,0.2857142857142857,0.9255885372899353
M3,q2,logistic,P-18A2FC7D4E,2120,60,"2,3",False,,0.7250000000000001,0.4,0.1568627450980392,1.5805434882796057
M3,q2,logistic,P-1A38BC21DA,2120,60,"3,4",False,,0.2490909090909091,0.32727272727272727,0.375,0.8327052701716194
M3,q2,logistic,P-1A815101A0,2140,40,"3,4",False,,0.6451612903225807,0.5,0.1836734693877551,0.9610198853048141
M3,q2,logistic,P-1CA9C1E745,2140,40,"2,3,4",False,,0.6376488095238094,0.34722222222222227,0.3125,0.9202747846467598
M3,q2,logistic,P-244F9886F5,2160,20,"3,4",False,,0.5703125,0.5,0.16666666666666666,1.0213088800400603
M3,q2,logistic,P-247758AEAC,2140,40,"2,3",False,,0.4342857142857143,0.4857142857142857,0.30630630630630634,0.8857816091781068
M3,q2,logistic,P-326C04EAEB,2160,20,"2,3,4",False,,0.70496632996633,0.3333333333333333,0.19047619047619047,0.9305718864184971
M3,q2,logistic,P-390B245CCC,2140,40,"2,3,4",False,,0.66366967575679,0.4208931419457735,0.38987435328898745,1.0879145006985538
M3,q2,logistic,P-39DC795FB0,2120,60,"1,2,3,4",False,,0.6415236508628354,0.3010739260739261,0.24985775248933145,1.2989011275160574
M3,q2,logistic,P-3D44F7B564,2160,20,"2,3,4",False,,0.3040674603174603,0.2777777777777778,0.13333333333333333,1.2454312222583344
M3,q2,logistic,P-3FD25AB949,2160,20,"2,3,4",False,,0.5367822966507177,0.3333333333333333,0.19047619047619047,0.9388942539305793
M3,q2,logistic,P-42CD4FF02E,2160,20,"2,3,4",False,,0.4902886002886003,0.3333333333333333,0.20689655172413793,1.1172622317710073
M3,q2,logistic,P-484A6A61BE,2120,60,"1,2,3,4",False,,0.6036413133936354,0.25,0.12962962962962962,1.5936464534603545
M3,q2,logistic,P-48B7FC4062,2160,20,"2,3,4",False,,0.5539348370927318,0.3333333333333333,0.13333333333333333,0.9681676844871658
M3,q2,logistic,P-4CEF5A2144,2140,40,"2,3,4",False,,0.6312087912087913,0.3361904761904762,0.22448979591836737,0.969681802438271
M3,q2,logistic,P-4D14B12359,2120,60,"2,3,4",False,,0.5347906403940886,0.28571428571428575,0.18632023095713968,0.9897224158329708
M3,q2,logistic,P-4D43A127BA,2160,20,"2,3,4",False,,0.6845938375350139,0.3333333333333333,0.2222222222222222,0.982560467267828
M3,q2,logistic,P-541A203CCD,2100,80,4,False,,,0.225,0.1836734693877551,0.8924707056463539
M3,q2,logistic,P-547A3B4455,2160,20,3,False,,,0.95,0.48717948717948717,0.8175752008467077
M3,q2,logistic,P-54C61641A8,2140,40,"2,3,4",False,,0.4030895420369105,0.3636363636363636,0.1349206349206349,1.0392025473753954
M3,q2,logistic,P-54FD02BC9C,2140,40,"2,3,4",False,,0.7615052783473836,0.3898989898989899,0.39570757880617036,0.8050894802557502
M3,q2,logistic,P-5E54A83C78,2140,40,"1,2,3,4",False,,0.793757937464834,0.4155844155844156,0.3405797101449275,1.3083725819866785
M3,q2,logistic,P-67DCF8869F,2160,20,"2,3",False,,0.5885416666666667,0.5416666666666666,0.3732193732193732,1.4502148118063471
M3,q2,logistic,P-77327DFF2A,2160,20,"1,2,3,4",False,,0.6602541510025062,0.34375,0.22064777327935223,1.5158112870312688
M3,q2,logistic,P-7A6E877C97,2140,40,"2,3,4",False,,0.6339691073562042,0.40322580645161293,0.3333333333333333,0.9393764079003368
M3,q2,logistic,P-7BC40AF359,2160,20,"1,2,3",False,,0.45138888888888884,0.3333333333333333,0.15384615384615385,2.363314030519334
M3,q2,logistic,P-7E974EA92D,2160,20,"2,3,4",False,,0.4672619047619048,0.3333333333333333,0.2745098039215686,0.8949058043157605
M3,q2,logistic,P-8016036889,2120,60,"1,2,3",False,,0.5962215145433537,0.24,0.12,1.5472666783995863
M3,q2,logistic,P-80904DAF11,2160,20,"2,3,4",False,,0.6841201561596298,0.35714285714285715,0.33868092691622104,0.8747424537175761
M3,q2,logistic,P-826248DDD8,2140,40,"3,4",False,,0.5877742946708464,0.6159874608150471,0.5223130106851037,0.8642768860445063
M3,q2,logistic,P-8405CEC183,2160,20,3,False,,,0.85,0.4594594594594595,0.8256854293587038
M3,q2,logistic,P-8EB079D859,2160,20,"3,4",False,,0.6568627450980392,0.5,0.13043478260869565,1.0512051059886605
M3,q2,logistic,P-8EB2F3E5EB,2140,40,"2,3",False,,0.8055555555555556,0.4583333333333333,0.3013698630136986,0.8501064939584666
M3,q2,logistic,P-90ADD44D40,2160,20,"1,2,3,4",False,,0.7169920275802628,0.25,0.14,1.8355419139199416
M3,q2,logistic,P-942BF8DF1B,2120,60,"1,3,4",False,,0.7111411567254565,0.44903926482873846,0.39031339031339035,0.9487525433899893
M3,q2,logistic,P-95F33174C1,2120,60,"3,4",False,,0.5583982202447163,0.4838709677419355,0.3333333333333333,0.845016672800264
M3,q2,logistic,P-9EF7F8A151,2160,20,"3,4",False,,0.02631578947368421,0.5,0.047619047619047616,1.186818564997299
M3,q2,logistic,P-AE146C9DF8,2140,40,4,False,,,0.0,0.0,1.176826252588251
M3,q2,logistic,P-AE42FA6330,2160,20,"2,3,4",False,,0.5356399813636656,0.3333333333333333,0.031746031746031744,1.896041913850702
M3,q2,logistic,P-AF79D1DE3B,2160,20,"2,3,4",False,,0.36300736300736297,0.2857142857142857,0.16,1.0507372518713867
M3,q2,logistic,P-B561FC8AA0,2160,20,"3,4",False,,0.7361111111111112,0.6666666666666667,0.6078431372549019,0.7564724842040348
M3,q2,logistic,P-B687D84AC3,2160,20,"3,4",False,,0.4166666666666667,0.4166666666666667,0.2,0.8849071305349485
M3,q2,logistic,P-BAAF612E97,2160,20,"2,3",False,,0.7395833333333333,0.4166666666666667,0.2222222222222222,1.1586072116157866
M3,q2,logistic,P-BABD47FD2A,2140,40,"2,3,4",False,,0.618524528978533,0.3273809523809524,0.2660818713450292,1.1538117716577703
M3,q2,logistic,P-BD38D55D80,2120,60,"2,3,4",False,,0.5919396580180895,0.3405228758169934,0.18408697800840126,1.0858221137341677
M3,q2,logistic,P-BD4404A67C,2120,60,"1,2,3,4",False,,0.6953779524313196,0.2770935960591133,0.22470588235294117,1.0496410991099312
M3,q2,logistic,P-C27F41C52B,2120,60,"3,4",False,,0.5571245186136071,0.5,0.40594059405940597,0.8034694206300234
M3,q2,logistic,P-C783B3EE0A,2140,40,4,False,,,0.0,0.0,1.0498946486476992
M3,q2,logistic,P-CB0D54D7B6,2160,20,"2,3,4",False,,0.6559206096048201,0.36296296296296293,0.3076923076923077,0.8941130914009847
M3,q2,logistic,P-CE34173F77,2160,20,"3,4",False,,0.7578125,0.71875,0.5396419437340154,0.8335163088785092
M3,q2,logistic,P-D7469723BB,2160,20,"2,3,4",False,,0.7225655679603049,0.6363636363636364,0.36752136752136755,1.3525374679844904
M3,q2,logistic,P-ECFB6C2EB9,2160,20,"3,4",False,,0.645,0.5,0.3333333333333333,0.8857985954183263
M3,q2,logistic,P-EDDA35F3C7,2160,20,"1,2,3",False,,0.6280116959064328,0.35714285714285715,0.14202898550724638,1.6890623957766202
M3,q2,logistic,P-EFFF04CC6B,2140,40,"3,4",False,,0.25297619047619047,0.3392857142857143,0.3220338983050847,0.8763500788294323
M3,q2,logistic,P-F3CCAA8842,2120,60,"2,3,4",False,,0.6289613621564198,0.4569402228976696,0.23714148748348476,1.1483244525787693
M3,q2,logistic,P-FE9CDC44BE,2140,40,"2,3",False,,0.8108108108108107,0.2702702702702703,0.22598870056497175,0.9022716797246243
M3,q2,random_forest,P-001F33A876,2120,60,"2,3,4",False,,0.4557769718121185,0.278902384165542,0.22761305780173702,1.0569689262759436
M3,q2,random_forest,P-07BDD08C0C,2120,60,"2,3,4",False,,0.6206833703577125,0.32142857142857145,0.2906835050404342,1.000142226260675
M3,q2,random_forest,P-100AE58C58,2160,20,4,False,,,0.35,0.25925925925925924,0.8468808497436218
M3,q2,random_forest,P-11AD0DCE87,2140,40,"2,3",False,,0.6794871794871795,0.3974358974358974,0.29107981220657275,0.6924202563683476
M3,q2,random_forest,P-12AD0E59EB,2160,20,4,False,,,0.45,0.3103448275862069,0.9283185516836457
M3,q2,random_forest,P-18A2FC7D4E,2120,60,"2,3",False,,0.6368750000000001,0.21250000000000002,0.12292682926829268,1.4218197356123479
M3,q2,random_forest,P-1A38BC21DA,2120,60,"3,4",False,,0.2418181818181818,0.28181818181818186,0.172064207265559,1.066223721730437
M3,q2,random_forest,P-1A815101A0,2140,40,"3,4",False,,0.7885304659498208,0.7508960573476702,0.6484110885733604,0.7485375801474478
M3,q2,random_forest,P-1CA9C1E745,2140,40,"2,3,4",False,,0.5886656746031745,0.34722222222222227,0.18352941176470586,1.0407403159466029
M3,q2,random_forest,P-244F9886F5,2160,20,"3,4",False,,0.6171875,0.59375,0.3277777777777778,0.9507238551232933
M3,q2,random_forest,P-247758AEAC,2140,40,"2,3",False,,0.33714285714285713,0.45714285714285713,0.2962962962962963,0.8428771477974386
M3,q2,random_forest,P-326C04EAEB,2160,20,"2,3,4",False,,0.7526858497253235,0.3333333333333333,0.19047619047619047,1.1501557763589756
M3,q2,random_forest,P-390B245CCC,2140,40,"2,3,4",False,,0.5872014152413426,0.27910685805422647,0.2382954864031399,1.1416068975530809
M3,q2,random_forest,P-39DC795FB0,2120,60,"1,2,3,4",False,,0.631852316005742,0.26016483516483513,0.2138932496075353,1.3533626069880187
M3,q2,random_forest,P-3D44F7B564,2160,20,"2,3,4",False,,0.4603174603174603,0.3055555555555555,0.22857142857142856,1.2587194823432528
M3,q2,random_forest,P-3FD25AB949,2160,20,"2,3,4",False,,0.425543815346447,0.25757575757575757,0.23859649122807017,1.0043635559850261
M3,q2,random_forest,P-42CD4FF02E,2160,20,"2,3,4",False,,0.587128427128427,0.3333333333333333,0.20689655172413793,1.0677952301722589
M3,q2,random_forest,P-484A6A61BE,2120,60,"1,2,3,4",False,,0.5743854242306254,0.2738095238095238,0.1826036866359447,1.6544332845726186
M3,q2,random_forest,P-48B7FC4062,2160,20,"2,3,4",False,,0.48345029239766085,0.24761904761904763,0.17857142857142858,1.186016369945277
M3,q2,random_forest,P-4CEF5A2144,2140,40,"2,3,4",False,,0.46648351648351644,0.29904761904761906,0.19860440150295222,1.2604612039631105
M3,q2,random_forest,P-4D14B12359,2120,60,"2,3,4",False,,0.5717877668308703,0.32142857142857145,0.22412358882947117,0.9433977520894168
M3,q2,random_forest,P-4D43A127BA,2160,20,"2,3,4",False,,0.5411750341162106,0.27619047619047615,0.25146198830409355,1.0501127008894842
M3,q2,random_forest,P-541A203CCD,2100,80,4,False,,,0.4,0.2857142857142857,0.9105909210595948
M3,q2,random_forest,P-547A3B4455,2160,20,3,False,,,0.65,0.2626262626262626,1.040015369235
M3,q2,random_forest,P-54C61641A8,2140,40,"2,3,4",False,,0.49199058251689837,0.3878787878787879,0.2572463768115942,1.0306941029266852
M3,q2,random_forest,P-54FD02BC9C,2140,40,"2,3,4",False,,0.5737495253284727,0.3151515151515151,0.28484848484848485,0.9217873691775086
M3,q2,random_forest,P-5E54A83C78,2140,40,"1,2,3,4",False,,0.679248825886757,0.3659090909090909,0.29260935143288086,1.5043006940713082
M3,q2,random_forest,P-67DCF8869F,2160,20,"2,3",False,,0.32291666666666663,0.25,0.13333333333333333,1.4730868091697282
M3,q2,random_forest,P-77327DFF2A,2160,20,"1,2,3,4",False,,0.6028050896471949,0.28125,0.18823529411764706,1.5553166352686851
M3,q2,random_forest,P-7A6E877C97,2140,40,"2,3,4",False,,0.5253511691414917,0.3172043010752688,0.24175824175824176,1.0156422899638393
M3,q2,random_forest,P-7BC40AF359,2160,20,"1,2,3",False,,0.4578373015873016,0.15277777777777776,0.1125,2.5182872926545765
M3,q2,random_forest,P-7E974EA92D,2160,20,"2,3,4",False,,0.3305224867724868,0.2380952380952381,0.2298850574712644,1.0021640124524163
M3,q2,random_forest,P-8016036889,2120,60,"1,2,3",False,,0.6238928861687483,0.21333333333333335,0.10666666666666667,1.5358875615035013
M3,q2,random_forest,P-80904DAF11,2160,20,"2,3,4",False,,0.6122035858877964,0.31746031746031744,0.30857142857142855,0.8923289822121359
M3,q2,random_forest,P-826248DDD8,2140,40,"3,4",False,,0.5266457680250783,0.5344827586206896,0.19903912148249828,1.1203842902804173
M3,q2,random_forest,P-8405CEC183,2160,20,3,False,,,0.1,0.09090909090909091,0.9789603281093273
M3,q2,random_forest,P-8EB079D859,2160,20,"3,4",False,,0.4019607843137255,0.3431372549019608,0.30666666666666664,0.9452560340061892
M3,q2,random_forest,P-8EB2F3E5EB,2140,40,"2,3",False,,0.6736111111111112,0.2916666666666667,0.23728813559322035,0.9218514690130354
M3,q2,random_forest,P-90ADD44D40,2160,20,"1,2,3,4",False,,0.7860633484162896,0.4642857142857143,0.3078947368421052,1.9463574483531656
M3,q2,random_forest,P-942BF8DF1B,2120,60,"1,3,4",False,,0.6228632107311859,0.3262322472848788,0.18544303797468356,1.0786353835616116
M3,q2,random_forest,P-95F33174C1,2120,60,"3,4",False,,0.6707452725250278,0.5044493882091212,0.4334093129273852,0.7850122430509587
M3,q2,random_forest,P-9EF7F8A151,2160,20,"3,4",False,,0.1842105263157895,0.5789473684210527,0.1919191919191919,1.0529485714286095
M3,q2,random_forest,P-AE146C9DF8,2140,40,4,False,,,0.0,0.0,1.145846345787496
M3,q2,random_forest,P-AE42FA6330,2160,20,"2,3,4",False,,0.6152560889402995,0.42857142857142855,0.16042780748663102,2.0256595973073908
M3,q2,random_forest,P-AF79D1DE3B,2160,20,"2,3,4",False,,0.5093425093425094,0.3852813852813853,0.3671794871794872,0.9526434387557157
M3,q2,random_forest,P-B561FC8AA0,2160,20,"3,4",False,,0.6388888888888888,0.5277777777777778,0.4357366771159875,0.7591125715093345
M3,q2,random_forest,P-B687D84AC3,2160,20,"3,4",False,,0.636904761904762,0.4166666666666667,0.2,1.01572136483624
M3,q2,random_forest,P-BAAF612E97,2160,20,"2,3",False,,0.6875,0.2916666666666667,0.19444444444444445,1.1250705959520588
M3,q2,random_forest,P-BABD47FD2A,2140,40,"2,3,4",False,,0.4439956445613773,0.25396825396825395,0.20915032679738563,1.203860830638502
M3,q2,random_forest,P-BD38D55D80,2120,60,"2,3,4",False,,0.5664764419106155,0.3718954248366013,0.2963714221320712,1.1252081473738622
M3,q2,random_forest,P-BD4404A67C,2120,60,"1,2,3,4",False,,0.7850736930627404,0.2869458128078818,0.2623376623376623,0.9544254092251343
M3,q2,random_forest,P-C27F41C52B,2120,60,"3,4",False,,0.5892169448010269,0.5057766367137355,0.3276972624798712,0.916132576913017
M3,q2,random_forest,P-C783B3EE0A,2140,40,4,False,,,0.075,0.046511627906976744,1.2000702235029521
M3,q2,random_forest,P-CB0D54D7B6,2160,20,"2,3,4",False,,0.5787152223994328,0.2148148148148148,0.1996434937611408,0.895192120160613
M3,q2,random_forest,P-CE34173F77,2160,20,"3,4",False,,0.3828125,0.34375,0.34065934065934067,0.8437721464496486
M3,q2,random_forest,P-D7469723BB,2160,20,"2,3,4",False,,0.6437566454013822,0.48484848484848486,0.22672064777327935,1.5419091377478753
M3,q2,random_forest,P-ECFB6C2EB9,2160,20,"3,4",False,,0.35,0.55,0.48717948717948717,0.8870828831982338
M3,q2,random_forest,P-EDDA35F3C7,2160,20,"1,2,3",False,,0.3950292397660819,0.22857142857142856,0.18253968253968253,1.4486086350341716
M3,q2,random_forest,P-EFFF04CC6B,2140,40,"3,4",False,,0.18749999999999997,0.2916666666666667,0.20417853751187084,1.0490837287364818
M3,q2,random_forest,P-F3CCAA8842,2120,60,"2,3,4",False,,0.5848239979668679,0.4439378588314759,0.29869753598567156,1.0604886342206494
M3,q2,random_forest,P-FE9CDC44BE,2140,40,"2,3",False,,0.7747747747747749,0.4774774774774775,0.3466042154566744,0.8954987127976413
M4,q1,logistic,P-001F33A876,2120,60,"1,2,3",False,,0.7430415014917428,0.3255813953488372,0.2745098039215686,0.7133446508809379
M4,q1,logistic,P-07BDD08C0C,2120,60,"1,2,3",False,,0.5926122334455668,0.3333333333333333,0.28205128205128205,0.845101437920585
M4,q1,logistic,P-100AE58C58,2160,20,"1,2,3",False,,0.6320098039215686,0.3333333333333333,0.25,1.1192319853586088
M4,q1,logistic,P-11AD0DCE87,2140,40,1,False,,,1.0,1.0,0.2692692971014952
M4,q1,logistic,P-12AD0E59EB,2160,20,"1,2",False,,0.3157894736842105,0.42105263157894735,0.4444444444444444,0.6752243955629794
M4,q1,logistic,P-18A2FC7D4E,2120,60,"1,2,3",False,,0.8129784576152481,0.3448275862068966,0.24694132334581773,0.8865851058687496
M4,q1,logistic,P-1A38BC21DA,2120,60,"1,2,3",False,,0.536031671746626,0.3333333333333333,0.26666666666666666,0.9314249760148986
M4,q1,logistic,P-1A815101A0,2140,40,"1,2,3",False,,0.9508597268173881,0.3333333333333333,0.29107981220657275,0.5268930396859396
M4,q1,logistic,P-1CA9C1E745,2140,40,1,False,,,1.0,1.0,0.24496052542507546
M4,q1,logistic,P-244F9886F5,2160,20,"1,2,3",False,,0.4098689981042922,0.3333333333333333,0.15384615384615385,2.2103638864246737
M4,q1,logistic,P-247758AEAC,2140,40,"1,2",False,,0.7476489028213167,0.4827586206896552,0.4117647058823529,0.6560086596238476
M4,q1,logistic,P-326C04EAEB,2160,20,"1,2",False,,0.7087912087912088,0.5,0.3939393939393939,0.7366142776709177
M4,q1,logistic,P-390B245CCC,2140,40,"1,2",False,,0.601010101010101,0.5,0.3548387096774194,1.0862615169560115
M4,q1,logistic,P-39DC795FB0,2120,60,"1,2,4",False,,0.5069484558689815,0.3333333333333333,0.29559748427672955,0.8042400531749706
M4,q1,logistic,P-3D44F7B564,2160,20,1,False,,,0.7,0.4117647058823529,0.6788209795116
M4,q1,logistic,P-3FD25AB949,2160,20,"1,2,3",False,,0.8695286195286195,0.3333333333333333,0.23655913978494625,0.8704927579485264
M4,q1,logistic,P-42CD4FF02E,2160,20,"1,2,3",False,,0.6200396825396824,0.3055555555555555,0.23655913978494625,1.0567758760202486
M4,q1,logistic,P-484A6A61BE,2120,60,"1,2,3,4",False,,0.5965851132743784,0.25,0.125,1.7266660566587546
M4,q1,logistic,P-48B7FC4062,2160,20,"1,2,3",False,,0.5903267973856209,0.3333333333333333,0.29411764705882354,0.8748190460080876
M4,q1,logistic,P-4CEF5A2144,2140,40,"1,2",False,,0.8153153153153153,0.5,0.4805194805194805,0.3991564319635928
M4,q1,logistic,P-4D14B12359,2120,60,1,False,,,0.9666666666666667,0.4915254237288136,0.3818026783487815
M4,q1,logistic,P-4D43A127BA,2160,20,"1,2",False,,0.53125,0.5,0.4444444444444444,0.6789549777644501
M4,q1,logistic,P-541A203CCD,2100,80,"1,4",False,,0.5670833333333334,0.5,0.2,2.822415803424712
M4,q1,logistic,P-547A3B4455,2160,20,"2,3",False,,0.40625,0.03125,0.0392156862745098,1.682700883704668
M4,q1,logistic,P-54C61641A8,2140,40,"1,2",False,,0.9574175824175823,0.5,0.3939393939393939,0.6021070705183742
M4,q1,logistic,P-54FD02BC9C,2140,40,"1,2",False,,0.7662337662337662,0.6125541125541125,0.6310935441370225,0.5688503669543861
M4,q1,logistic,P-5E54A83C78,2140,40,"1,2,3,4",False,,0.47147900630872763,0.23529411764705882,0.14285714285714285,2.131529143063626
M4,q1,logistic,P-67DCF8869F,2160,20,"1,2,4",False,,0.6372331154684095,0.3333333333333333,0.29411764705882354,0.7846568792779178
M4,q1,logistic,P-77327DFF2A,2160,20,"1,2,4",False,,0.7055074555074555,0.3333333333333333,0.15384615384615385,1.3341615602062329
M4,q1,logistic,P-7A6E877C97,2140,40,1,False,,,1.0,1.0,0.33521026469602966
M4,q1,logistic,P-7BC40AF359,2160,20,"1,2,4",False,,0.5740740740740741,0.25925925925925924,0.2828282828282828,0.7361475928946999
M4,q1,logistic,P-7E974EA92D,2160,20,"1,2,3",False,,0.5422536771220982,0.3333333333333333,0.23655913978494625,1.0500389083259556
M4,q1,logistic,P-8016036889,2120,60,"1,2,3,4",False,,0.6421647009987576,0.25,0.11038961038961038,1.4610458695575763
M4,q1,logistic,P-80904DAF11,2160,20,"1,2,3",False,,0.6755952380952381,0.3333333333333333,0.2745098039215686,0.8186623829650059
M4,q1,logistic,P-826248DDD8,2140,40,"1,4",False,,0.9615384615384615,0.5,0.4936708860759494,0.36553073961093135
M4,q1,logistic,P-8405CEC183,2160,20,"1,2,3,4",False,,0.47759669059011167,0.25,0.15517241379310345,1.5218198974054913
M4,q1,logistic,P-8EB079D859,2160,20,1,False,,,1.0,1.0,0.40053619770289134
M4,q1,logistic,P-8EB2F3E5EB,2140,40,1,False,,,0.975,0.4936708860759494,0.33578300617166723
M4,q1,logistic,P-90ADD44D40,2160,20,"1,2,3,4",False,,0.5684574310493428,0.20833333333333334,0.10416666666666667,2.3280972630074603
M4,q1,logistic,P-942BF8DF1B,2120,60,"1,2,3,4",False,,0.566216667393191,0.24335106382978725,0.22847985347985347,0.8741465187453822
M4,q1,logistic,P-95F33174C1,2120,60,1,False,,,1.0,1.0,0.3995787039357912
M4,q1,logistic,P-9EF7F8A151,2160,20,"1,2,3,4",False,,0.6423751686909582,0.3051948051948052,0.26136363636363635,1.0509588090679185
M4,q1,logistic,P-AE146C9DF8,2140,40,"1,2,3",False,,0.4807661956099456,0.38095238095238093,0.3838028169014085,0.6109225394924063
M4,q1,logistic,P-AE42FA6330,2160,20,"1,2,3,4",False,,0.7487071751777634,0.25,0.1346153846153846,1.6694227633325809
M4,q1,logistic,P-AF79D1DE3B,2160,20,"1,2,3,4",False,,0.7064502611251837,0.25,0.10416666666666667,1.9953565873807932
M4,q1,logistic,P-B561FC8AA0,2160,20,"1,2",False,,0.8921568627450981,0.5,0.4594594594594595,0.44672470964226596
M4,q1,logistic,P-B687D84AC3,2160,20,1,False,,,1.0,1.0,0.2580791824698163
M4,q1,logistic,P-BAAF612E97,2160,20,"1,2,3",False,,0.7847985347985348,0.3888888888888889,0.3629032258064517,0.8076797770011488
M4,q1,logistic,P-BABD47FD2A,2140,40,"1,2",False,,0.8514285714285714,0.6,0.6396396396396397,0.4135785795418038
M4,q1,logistic,P-BD38D55D80,2120,60,1,False,,,0.9833333333333333,0.4957983193277311,0.34414816626022654
M4,q1,logistic,P-BD4404A67C,2120,60,"1,2,3,4",False,,0.40293041775249044,0.25,0.18085106382978725,1.302387652155885
M4,q1,logistic,P-C27F41C52B,2120,60,"1,2,4",False,,0.700200804180864,0.3333333333333333,0.24113475177304966,0.9842846982753533
M4,q1,logistic,P-C783B3EE0A,2140,40,"1,3",False,,0.9539473684210527,0.5,0.48717948717948717,0.4516939292815909
M4,q1,logistic,P-CB0D54D7B6,2160,20,"1,2,3,4",False,,0.797327264239029,0.25,0.16666666666666666,1.3040623269870415
M4,q1,logistic,P-CE34173F77,2160,20,"1,2,3",False,,0.7283272283272284,0.3076923076923077,0.25806451612903225,0.8315394041990659
M4,q1,logistic,P-D7469723BB,2160,20,"1,2,4",False,,0.7416503267973856,0.3333333333333333,0.25,1.1300680757595913
M4,q1,logistic,P-ECFB6C2EB9,2160,20,"1,2",False,,0.9473684210526316,0.9736842105263157,0.8198198198198199,0.5306982166977694
M4,q1,logistic,P-EDDA35F3C7,2160,20,"1,2,3,4",False,,0.5482397504456329,0.25,0.05,2.696436750498729
M4,q1,logistic,P-EFFF04CC6B,2140,40,"1,2",False,,0.47135416666666663,0.4895833333333333,0.41328731665228646,0.9181033165010053
M4,q1,logistic,P-F3CCAA8842,2120,60,1,False,,,0.9666666666666667,0.4915254237288136,0.46689517483284504
M4,q1,logistic,P-FE9CDC44BE,2140,40,"1,2,3",False,,0.49186056998557,0.3333333333333333,0.09929078014184396,1.3527035967461516
M4,q1,random_forest,P-001F33A876,2120,60,"1,2,3",False,,0.6510077635854009,0.3333333333333333,0.27831715210355984,0.7402138210145444
M4,q1,random_forest,P-07BDD08C0C,2120,60,"1,2,3",False,,0.5313048073325851,0.3333333333333333,0.28205128205128205,0.9412316931828361
M4,q1,random_forest,P-100AE58C58,2160,20,"1,2,3",False,,0.5137418300653595,0.3333333333333333,0.25,1.223754959021913
M4,q1,random_forest,P-11AD0DCE87,2140,40,1,False,,,1.0,1.0,0.3001608925072846
M4,q1,random_forest,P-12AD0E59EB,2160,20,"1,2",False,,0.4473684210526316,0.47368421052631576,0.47368421052631576,0.5485942091491238
M4,q1,random_forest,P-18A2FC7D4E,2120,60,"1,2,3",False,,0.642065083125772,0.3333333333333333,0.2222222222222222,1.0023700558478954
M4,q1,random_forest,P-1A38BC21DA,2120,60,"1,2,3",False,,0.573368149721469,0.3333333333333333,0.26666666666666666,0.9793031921681358
M4,q1,random_forest,P-1A815101A0,2140,40,"1,2,3",False,,0.9040949389991729,0.375,0.3693121693121693,0.56877068182893
M4,q1,random_forest,P-1CA9C1E745,2140,40,1,False,,,1.0,1.0,0.2220934386048196
M4,q1,random_forest,P-244F9886F5,2160,20,"1,2,3",False,,0.41072489601901374,0.3333333333333333,0.15384615384615385,2.1635989143326624
M4,q1,random_forest,P-247758AEAC,2140,40,"1,2",False,,0.7304075235109717,0.5,0.42028985507246375,0.6719599372416822
M4,q1,random_forest,P-326C04EAEB,2160,20,"1,2",False,,0.7197802197802198,0.5,0.3939393939393939,0.7619934888643375
M4,q1,random_forest,P-390B245CCC,2140,40,"1,2",False,,0.5959595959595959,0.5,0.3548387096774194,0.9491556133000859
M4,q1,random_forest,P-39DC795FB0,2120,60,"1,2,4",False,,0.4432171342501963,0.3333333333333333,0.29283489096573206,0.7857018159720137
M4,q1,random_forest,P-3D44F7B564,2160,20,1,False,,,0.95,0.48717948717948717,0.5551435396910953
M4,q1,random_forest,P-3FD25AB949,2160,20,"1,2,3",False,,0.9450757575757575,0.3333333333333333,0.23655913978494625,0.8153629194339433
M4,q1,random_forest,P-42CD4FF02E,2160,20,"1,2,3",False,,0.5744047619047619,0.3333333333333333,0.25,1.0589582295703486
M4,q1,random_forest,P-484A6A61BE,2120,60,"1,2,3,4",False,,0.6559380348737698,0.25,0.125,1.6953221048263287
M4,q1,random_forest,P-48B7FC4062,2160,20,"1,2,3",False,,0.5547494553376906,0.3333333333333333,0.2857142857142857,0.8389791229506226
M4,q1,random_forest,P-4CEF5A2144,2140,40,"1,2",False,,0.7297297297297297,0.5,0.4805194805194805,0.42502997357143213
M4,q1,random_forest,P-4D14B12359,2120,60,1,False,,,1.0,1.0,0.4245599624051133
M4,q1,random_forest,P-4D43A127BA,2160,20,"1,2",False,,0.484375,0.5,0.4444444444444444,0.7313133526586959
M4,q1,random_forest,P-541A203CCD,2100,80,"1,4",False,,0.6316666666666667,0.5,0.2,2.5088718133791064
M4,q1,random_forest,P-547A3B4455,2160,20,"2,3",False,,0.40625,0.0,0.0,1.9626472110425557
M4,q1,random_forest,P-54C61641A8,2140,40,"1,2",False,,0.8598901098901099,0.5,0.3939393939393939,0.6493006119923432
M4,q1,random_forest,P-54FD02BC9C,2140,40,"1,2",False,,0.7402597402597403,0.5,0.4520547945205479,0.5530339216887749
M4,q1,random_forest,P-5E54A83C78,2140,40,"1,2,3,4",False,,0.5528494484612401,0.23529411764705882,0.14285714285714285,1.7337701422673462
M4,q1,random_forest,P-67DCF8869F,2160,20,"1,2,4",False,,0.8593246187363834,0.3333333333333333,0.30303030303030304,0.8779778741000012
M4,q1,random_forest,P-77327DFF2A,2160,20,"1,2,4",False,,0.7472625413801883,0.3333333333333333,0.16,1.418322618690956
M4,q1,random_forest,P-7A6E877C97,2140,40,1,False,,,1.0,1.0,0.27166232799783063
M4,q1,random_forest,P-7BC40AF359,2160,20,"1,2,4",False,,0.6091617933723198,0.3333333333333333,0.3157894736842105,0.6409426335092261
M4,q1,random_forest,P-7E974EA92D,2160,20,"1,2,3",False,,0.6603036948431685,0.3333333333333333,0.23655913978494625,1.027976456007163
M4,q1,random_forest,P-8016036889,2120,60,"1,2,3,4",False,,0.6124623671560162,0.25,0.11038961038961038,1.4916155743446924
M4,q1,random_forest,P-80904DAF11,2160,20,"1,2,3",False,,0.6200396825396826,0.3333333333333333,0.2745098039215686,0.8589339203556097
M4,q1,random_forest,P-826248DDD8,2140,40,"1,4",False,,1.0,0.5,0.4936708860759494,0.35872318564019395
M4,q1,random_forest,P-8405CEC183,2160,20,"1,2,3,4",False,,0.4296875,0.25,0.16071428571428573,1.5261528682702046
M4,q1,random_forest,P-8EB079D859,2160,20,1,False,,,1.0,1.0,0.3684819909132135
M4,q1,random_forest,P-8EB2F3E5EB,2140,40,1,False,,,1.0,1.0,0.3637885877379404
M4,q1,random_forest,P-90ADD44D40,2160,20,"1,2,3,4",False,,0.7056752989657402,0.25,0.11538461538461539,2.4031255541107646
M4,q1,random_forest,P-942BF8DF1B,2120,60,"1,2,3,4",False,,0.6363604672013887,0.24933510638297873,0.2383333333333333,0.8605251051961993
M4,q1,random_forest,P-95F33174C1,2120,60,1,False,,,1.0,1.0,0.3642108171726232
M4,q1,random_forest,P-9EF7F8A151,2160,20,"1,2,3,4",False,,0.6128272312482839,0.25,0.12962962962962962,1.069902878051861
M4,q1,random_forest,P-AE146C9DF8,2140,40,"1,2,3",False,,0.6119982448107448,0.3333333333333333,0.2962962962962963,0.627947801984666
M4,q1,random_forest,P-AE42FA6330,2160,20,"1,2,3,4",False,,0.7789269553975436,0.25,0.12962962962962962,1.6277157124974029
M4,q1,random_forest,P-AF79D1DE3B,2160,20,"1,2,3,4",False,,0.6424936673233886,0.25,0.1,1.7535784799615453
M4,q1,random_forest,P-B561FC8AA0,2160,20,"1,2",False,,0.7745098039215685,0.5,0.4594594594594595,0.45931438517205364
M4,q1,random_forest,P-B687D84AC3,2160,20,1,False,,,1.0,1.0,0.19036032874501935
M4,q1,random_forest,P-BAAF612E97,2160,20,"1,2,3",False,,0.48851294903926484,0.3333333333333333,0.2626262626262626,0.9021070889081736
M4,q1,random_forest,P-BABD47FD2A,2140,40,"1,2",False,,0.7685714285714285,0.5,0.4666666666666667,0.42654823978004375
M4,q1,random_forest,P-BD38D55D80,2120,60,1,False,,,1.0,1.0,0.40262579325448067
M4,q1,random_forest,P-BD4404A67C,2120,60,"1,2,3,4",False,,0.5266270565434689,0.25,0.18085106382978725,1.18068387068608
M4,q1,random_forest,P-C27F41C52B,2120,60,"1,2,4",False,,0.6717717324217823,0.3333333333333333,0.24113475177304966,0.957637450849931
M4,q1,random_forest,P-C783B3EE0A,2140,40,"1,3",False,,0.9342105263157894,0.5,0.48717948717948717,0.40740779332030935
M4,q1,random_forest,P-CB0D54D7B6,2160,20,"1,2,3,4",False,,0.7369334097275273,0.25,0.15517241379310345,1.4256084273954335
M4,q1,random_forest,P-CE34173F77,2160,20,"1,2,3",False,,0.8367232183021657,0.3333333333333333,0.2626262626262626,0.7746943328601248
M4,q1,random_forest,P-D7469723BB,2160,20,"1,2,4",False,,0.7884803921568627,0.3333333333333333,0.25,1.097290092915863
M4,q1,random_forest,P-ECFB6C2EB9,2160,20,"1,2",False,,0.9736842105263158,0.5,0.48717948717948717,0.5128719524169341
M4,q1,random_forest,P-EDDA35F3C7,2160,20,"1,2,3,4",False,,0.5797845179738562,0.25,0.045454545454545456,2.598261860582567
M4,q1,random_forest,P-EFFF04CC6B,2140,40,"1,2",False,,0.5390625,0.5,0.375,0.9049012640162086
M4,q1,random_forest,P-F3CCAA8842,2120,60,1,False,,,1.0,1.0,0.3857272002274655
M4,q1,random_forest,P-FE9CDC44BE,2140,40,"1,2,3",False,,0.5168490363802863,0.34375,0.12165129556433905,1.441113450971887
M4,q2,logistic,P-001F33A876,2120,60,"2,3,4",False,,0.3746552427664375,0.3328834907782276,0.1946824873654142,1.0900448520961246
M4,q2,logistic,P-07BDD08C0C,2120,60,"2,3,4",False,,0.45214254385964914,0.22510822510822512,0.2046861184792219,1.0849822652481849
M4,q2,logistic,P-100AE58C58,2160,20,4,False,,,0.3,0.23076923076923078,0.8390315287478861
M4,q2,logistic,P-11AD0DCE87,2140,40,"2,3",False,,0.6025641025641025,0.4230769230769231,0.3013698630136986,0.7459745275568311
M4,q2,logistic,P-12AD0E59EB,2160,20,4,False,,,0.05,0.047619047619047616,1.2495028545014844
M4,q2,logistic,P-18A2FC7D4E,2120,60,"2,3",False,,0.62375,0.3375,0.15604510883818515,1.4554573378983202
M4,q2,logistic,P-1A38BC21DA,2120,60,"3,4",False,,0.35818181818181816,0.3909090909090909,0.38613111026904134,0.8598431654369975
M4,q2,logistic,P-1A815101A0,2140,40,"3,4",False,,0.5501792114695341,0.5089605734767024,0.29292929292929293,0.8869415299604583
M4,q2,logistic,P-1CA9C1E745,2140,40,"2,3,4",False,,0.6517030423280424,0.3055555555555555,0.2816738816738817,0.9020636774420255
M4,q2,logistic,P-244F9886F5,2160,20,"3,4",False,,0.484375,0.5625,0.29292929292929293,1.017203485571564
M4,q2,logistic,P-247758AEAC,2140,40,"2,3",False,,0.5085714285714286,0.38571428571428573,0.27272727272727276,0.9256510138577395
M4,q2,logistic,P-326C04EAEB,2160,20,"2,3,4",False,,0.712121212121212,0.3636363636363636,0.2530864197530864,0.8790083688695208
M4,q2,logistic,P-390B245CCC,2140,40,"2,3,4",False,,0.6496305025887603,0.4207336523125997,0.41944444444444445,1.0561082603773684
M4,q2,logistic,P-39DC795FB0,2120,60,"1,2,3,4",False,,0.5886141493006672,0.24093406593406594,0.1476957726957727,1.4767739031450804
M4,q2,logistic,P-3D44F7B564,2160,20,"2,3,4",False,,0.4131944444444445,0.2777777777777778,0.1388888888888889,1.2277242271395044
M4,q2,logistic,P-3FD25AB949,2160,20,"2,3,4",False,,0.5434387737019316,0.3636363636363636,0.2530864197530864,0.9343459804921899
M4,q2,logistic,P-42CD4FF02E,2160,20,"2,3,4",False,,0.5433237133237133,0.3333333333333333,0.2857142857142857,1.1166100505838195
M4,q2,logistic,P-484A6A61BE,2120,60,"1,2,3,4",False,,0.4738589106494163,0.29365079365079366,0.18960084033613445,1.615811302035796
M4,q2,logistic,P-48B7FC4062,2160,20,"2,3,4",False,,0.5599582289055973,0.3333333333333333,0.13333333333333333,1.0811488170092214
M4,q2,logistic,P-4CEF5A2144,2140,40,"2,3,4",False,,0.467042735042735,0.32857142857142857,0.2676767676767677,0.9756445169879129
M4,q2,logistic,P-4D14B12359,2120,60,"2,3,4",False,,0.6889880952380952,0.24404761904761904,0.2706270627062706,0.8363044884720015
M4,q2,logistic,P-4D43A127BA,2160,20,"2,3,4",False,,0.6808259714142068,0.3952380952380952,0.35555555555555557,0.9814784549286996
M4,q2,logistic,P-541A203CCD,2100,80,4,False,,,0.0375,0.03614457831325301,0.9689176940169674
M4,q2,logistic,P-547A3B4455,2160,20,3,False,,,0.85,0.4594594594594595,0.7944895472145729
M4,q2,logistic,P-54C61641A8,2140,40,"2,3,4",False,,0.5145310245310245,0.197979797979798,0.19462599854756715,0.9228804646142372
M4,q2,logistic,P-54FD02BC9C,2140,40,"2,3,4",False,,0.8324409508620034,0.4424242424242424,0.37994214079074257,0.8518267711524323
M4,q2,logistic,P-5E54A83C78,2140,40,"1,2,3,4",False,,0.7167610837438424,0.34545454545454546,0.26190476190476186,1.943323347913718
M4,q2,logistic,P-67DCF8869F,2160,20,"2,3",False,,0.7604166666666666,0.25,0.14035087719298245,1.4649573889503649
M4,q2,logistic,P-77327DFF2A,2160,20,"1,2,3,4",False,,0.6210282316367843,0.28125,0.21794871794871795,1.4936711816838768
M4,q2,logistic,P-7A6E877C97,2140,40,"2,3,4",False,,0.6837660010240656,0.4435483870967742,0.31732418524871353,0.9479823801929264
M4,q2,logistic,P-7BC40AF359,2160,20,"1,2,3",False,,0.5426587301587302,0.2777777777777778,0.13333333333333333,2.052344370513359
M4,q2,logistic,P-7E974EA92D,2160,20,"2,3,4",False,,0.2523148148148148,0.2976190476190476,0.280952380952381,0.9850013984523951
M4,q2,logistic,P-8016036889,2120,60,"1,2,3",False,,0.5526875800515648,0.24,0.12162162162162163,1.690298699049528
M4,q2,logistic,P-80904DAF11,2160,20,"2,3,4",False,,0.8202698252040358,0.5357142857142857,0.5108695652173912,0.8173638405167933
M4,q2,logistic,P-826248DDD8,2140,40,"3,4",False,,0.5877742946708464,0.4608150470219436,0.28388746803069054,0.8666786538490727
M4,q2,logistic,P-8405CEC183,2160,20,3,False,,,0.75,0.42857142857142855,0.7562427921887045
M4,q2,logistic,P-8EB079D859,2160,20,"3,4",False,,0.6764705882352942,0.5882352941176471,0.3,0.9522505143512294
M4,q2,logistic,P-8EB2F3E5EB,2140,40,"2,3",False,,0.7916666666666667,0.375,0.26865671641791045,0.8398312234315964
M4,q2,logistic,P-90ADD44D40,2160,20,"1,2,3,4",False,,0.517703081232493,0.25,0.14,2.1225751949005884
M4,q2,logistic,P-942BF8DF1B,2120,60,"1,3,4",False,,0.5530082300822712,0.29782790309106094,0.17622116689280867,1.1163290600162419
M4,q2,logistic,P-95F33174C1,2120,60,"3,4",False,,0.57119021134594,0.5661846496106786,0.5661846496106786,0.8207094261336497
M4,q2,logistic,P-9EF7F8A151,2160,20,"3,4",False,,0.15789473684210528,0.05263157894736842,0.09090909090909091,1.033789280477237
M4,q2,logistic,P-AE146C9DF8,2140,40,4,False,,,0.1,0.09090909090909091,0.9218832285179184
M4,q2,logistic,P-AE42FA6330,2160,20,"2,3,4",False,,0.4510254000385579,0.19047619047619047,0.12121212121212122,1.6258540296793913
M4,q2,logistic,P-AF79D1DE3B,2160,20,"2,3,4",False,,0.28428978428978424,0.22077922077922077,0.1603864734299517,1.0977875715709045
M4,q2,logistic,P-B561FC8AA0,2160,20,"3,4",False,,0.7083333333333334,0.5555555555555556,0.2,1.0388661715672791
M4,q2,logistic,P-B687D84AC3,2160,20,"3,4",False,,0.625,0.6547619047619048,0.6266666666666667,0.7681881919567846
M4,q2,logistic,P-BAAF612E97,2160,20,"2,3",False,,0.640625,0.3333333333333333,0.19047619047619047,1.2631191728667464
M4,q2,logistic,P-BABD47FD2A,2140,40,"2,3,4",False,,0.5500100724479694,0.36309523809523814,0.30718954248366015,1.178567048978162
M4,q2,logistic,P-BD38D55D80,2120,60,"2,3,4",False,,0.5555560779090191,0.3058823529411765,0.1826877092300335,1.1019174210798772
M4,q2,logistic,P-BD4404A67C,2120,60,"1,2,3,4",False,,0.7351754425777074,0.34770114942528735,0.3195071155848664,1.0341769296190548
M4,q2,logistic,P-C27F41C52B,2120,60,"3,4",False,,0.5686777920410783,0.6026957637997432,0.6011396011396011,0.8171040850301657
M4,q2,logistic,P-C783B3EE0A,2140,40,4,False,,,0.05,0.047619047619047616,1.0808688873008725
M4,q2,logistic,P-CB0D54D7B6,2160,20,"2,3,4",False,,0.7528903065745172,0.46296296296296297,0.4541062801932367,0.8871618168989454
M4,q2,logistic,P-CE34173F77,2160,20,"3,4",False,,0.4453125,0.59375,0.3483709273182957,0.9350188348112048
M4,q2,logistic,P-D7469723BB,2160,20,"2,3,4",False,,0.8218921672869041,0.6363636363636364,0.4047619047619048,1.2148302931785149
M4,q2,logistic,P-ECFB6C2EB9,2160,20,"3,4",False,,0.35500000000000004,0.45,0.3732193732193732,0.980203015768406
M4,q2,logistic,P-EDDA35F3C7,2160,20,"1,2,3",False,,0.5680033416875522,0.19999999999999998,0.06818181818181818,1.7894572972668357
M4,q2,logistic,P-EFFF04CC6B,2140,40,"3,4",False,,0.43005952380952384,0.4583333333333333,0.45117029862792574,0.8783320165510148
M4,q2,logistic,P-F3CCAA8842,2120,60,"2,3,4",False,,0.6348631812189508,0.4569402228976696,0.23714148748348476,1.1887194912768093
M4,q2,logistic,P-FE9CDC44BE,2140,40,"2,3",False,,0.6621621621621622,0.33783783783783783,0.25641025641025644,0.8561965121194838
M4,q2,random_forest,P-001F33A876,2120,60,"2,3,4",False,,0.39563117645097196,0.3157894736842105,0.15584415584415584,1.2207603900690895
M4,q2,random_forest,P-07BDD08C0C,2120,60,"2,3,4",False,,0.40199686716791977,0.32142857142857145,0.20689655172413793,1.1119158709791062
M4,q2,random_forest,P-100AE58C58,2160,20,4,False,,,0.05,0.047619047619047616,1.2950500177081523
M4,q2,random_forest,P-11AD0DCE87,2140,40,"2,3",False,,0.9487179487179487,0.5,0.4936708860759494,0.5935265239159917
M4,q2,random_forest,P-12AD0E59EB,2160,20,4,False,,,0.0,0.0,1.3886236238155587
M4,q2,random_forest,P-18A2FC7D4E,2120,60,"2,3",False,,0.5575,0.5,0.25,1.4627110128857654
M4,q2,random_forest,P-1A38BC21DA,2120,60,"3,4",False,,0.4509090909090909,0.4363636363636364,0.42708333333333337,0.8819827700031051
M4,q2,random_forest,P-1A815101A0,2140,40,"3,4",False,,0.4050179211469534,0.492831541218638,0.2634920634920635,1.0716936164100481
M4,q2,random_forest,P-1CA9C1E745,2140,40,"2,3,4",False,,0.5813905423280423,0.3333333333333333,0.2848816029143898,0.9164524215900822
M4,q2,random_forest,P-244F9886F5,2160,20,"3,4",False,,0.3515625,0.5,0.16666666666666666,1.1626140005601548
M4,q2,random_forest,P-247758AEAC,2140,40,"2,3",False,,0.54,0.4142857142857143,0.2801932367149758,0.810684890579908
M4,q2,random_forest,P-326C04EAEB,2160,20,"2,3,4",False,,0.679663964203438,0.3636363636363636,0.2530864197530864,0.8754241625817702
M4,q2,random_forest,P-390B245CCC,2140,40,"2,3,4",False,,0.7220307822848658,0.3333333333333333,0.21468926553672316,1.03505150428327
M4,q2,random_forest,P-39DC795FB0,2120,60,"1,2,3,4",False,,0.5266776141085387,0.23601398601398602,0.19476232394366197,1.2892490911274874
M4,q2,random_forest,P-3D44F7B564,2160,20,"2,3,4",False,,0.4459325396825397,0.3333333333333333,0.15384615384615385,1.2965406289873194
M4,q2,random_forest,P-3FD25AB949,2160,20,"2,3,4",False,,0.6534201665780613,0.393939393939394,0.3076923076923077,0.9860899233425122
M4,q2,random_forest,P-42CD4FF02E,2160,20,"2,3,4",False,,0.46741221741221745,0.3333333333333333,0.20689655172413793,1.1184324187372843
M4,q2,random_forest,P-484A6A61BE,2120,60,"1,2,3,4",False,,0.4886783514234494,0.2738095238095238,0.18928571428571428,1.6807280745389848
M4,q2,random_forest,P-48B7FC4062,2160,20,"2,3,4",False,,0.4446282372598162,0.3333333333333333,0.13333333333333333,1.2022755786998691
M4,q2,random_forest,P-4CEF5A2144,2140,40,"2,3,4",False,,0.628893772893773,0.3333333333333333,0.1728395061728395,1.091256141457538
M4,q2,random_forest,P-4D14B12359,2120,60,"2,3,4",False,,0.6712335796387521,0.3273809523809524,0.31884057971014496,0.7307135521350154
M4,q2,random_forest,P-4D43A127BA,2160,20,"2,3,4",False,,0.49057817998994474,0.3333333333333333,0.2222222222222222,1.0290625870722168
M4,q2,random_forest,P-541A203CCD,2100,80,4,False,,,0.0375,0.03614457831325301,1.2137814757741032
M4,q2,random_forest,P-547A3B4455,2160,20,3,False,,,1.0,1.0,0.5649579577823739
M4,q2,random_forest,P-54C61641A8,2140,40,"2,3,4",False,,0.5850117718538771,0.3898989898989899,0.38809523809523805,0.7844974529033533
M4,q2,random_forest,P-54FD02BC9C,2140,40,"2,3,4",False,,0.7501936659831396,0.3333333333333333,0.3013698630136986,0.6657137142104445
M4,q2,random_forest,P-5E54A83C78,2140,40,"1,2,3,4",False,,0.6375244583003203,0.2727272727272727,0.14405684754521964,1.8493153548035142
M4,q2,random_forest,P-67DCF8869F,2160,20,"2,3",False,,0.6510416666666666,0.4375,0.1728395061728395,1.3191589015591103
M4,q2,random_forest,P-77327DFF2A,2160,20,"1,2,3,4",False,,0.5471159870830923,0.25,0.14285714285714285,1.492223263777173
M4,q2,random_forest,P-7A6E877C97,2140,40,"2,3,4",False,,0.514162826420891,0.3010752688172043,0.2745098039215686,0.8581442194639507
M4,q2,random_forest,P-7BC40AF359,2160,20,"1,2,3",False,,0.45535714285714285,0.3333333333333333,0.15384615384615385,2.146033522410759
M4,q2,random_forest,P-7E974EA92D,2160,20,"2,3,4",False,,0.5681216931216931,0.30952380952380953,0.2626262626262626,0.8691326755553132
M4,q2,random_forest,P-8016036889,2120,60,"1,2,3",False,,0.6881635033052659,0.32,0.14285714285714285,1.4502958392636498
M4,q2,random_forest,P-80904DAF11,2160,20,"2,3,4",False,,0.6262832562174667,0.3055555555555555,0.23655913978494625,0.8469526947281143
M4,q2,random_forest,P-826248DDD8,2140,40,"3,4",False,,0.6144200626959246,0.5172413793103449,0.25333333333333335,0.9725180587967023
M4,q2,random_forest,P-8405CEC183,2160,20,3,False,,,0.9,0.47368421052631576,0.6426339059290553
M4,q2,random_forest,P-8EB079D859,2160,20,"3,4",False,,0.7156862745098039,0.5,0.13043478260869565,1.2035632395207678
M4,q2,random_forest,P-8EB2F3E5EB,2140,40,"2,3",False,,0.6423611111111112,0.5,0.47368421052631576,0.7079616314016153
M4,q2,random_forest,P-90ADD44D40,2160,20,"1,2,3,4",False,,0.777473604826546,0.25,0.12962962962962962,2.1429177032735476
M4,q2,random_forest,P-942BF8DF1B,2120,60,"1,3,4",False,,0.4285473422404733,0.31746031746031744,0.12987012987012986,1.328937066668554
M4,q2,random_forest,P-95F33174C1,2120,60,"3,4",False,,0.4660734149054505,0.5344827586206896,0.4128307357738311,0.9428000659200609
M4,q2,random_forest,P-9EF7F8A151,2160,20,"3,4",False,,0.368421052631579,0.5,0.047619047619047616,1.2448418404235535
M4,q2,random_forest,P-AE146C9DF8,2140,40,4,False,,,0.0,0.0,1.2620751775485624
M4,q2,random_forest,P-AE42FA6330,2160,20,"2,3,4",False,,0.29795442130968447,0.2380952380952381,0.1388888888888889,1.6598672607009708
M4,q2,random_forest,P-AF79D1DE3B,2160,20,"2,3,4",False,,0.3108188108188108,0.3333333333333333,0.1728395061728395,1.1613078541332098
M4,q2,random_forest,P-B561FC8AA0,2160,20,"3,4",False,,0.4305555555555556,0.5,0.09090909090909091,1.3544354337853357
M4,q2,random_forest,P-B687D84AC3,2160,20,"3,4",False,,0.6666666666666666,0.6785714285714286,0.5488721804511278,0.7584980690637775
M4,q2,random_forest,P-BAAF612E97,2160,20,"2,3",False,,0.6666666666666666,0.5,0.375,1.129082591707951
M4,q2,random_forest,P-BABD47FD2A,2140,40,"2,3,4",False,,0.5906213826756023,0.35912698412698413,0.2926553672316384,1.160762697586748
M4,q2,random_forest,P-BD38D55D80,2120,60,"2,3,4",False,,0.5272075222215278,0.3333333333333333,0.13333333333333333,1.2220316740995742
M4,q2,random_forest,P-BD4404A67C,2120,60,"1,2,3,4",False,,0.6905764916751423,0.3041871921182266,0.27011494252873564,0.9999656511839947
M4,q2,random_forest,P-C27F41C52B,2120,60,"3,4",False,,0.6777920410783055,0.6213093709884467,0.6273291925465838,0.7340681524422183
M4,q2,random_forest,P-C783B3EE0A,2140,40,4,False,,,0.0,0.0,1.3357361556580596
M4,q2,random_forest,P-CB0D54D7B6,2160,20,"2,3,4",False,,0.6610951621477938,0.3666666666666667,0.2748917748917749,0.9363647491484169
M4,q2,random_forest,P-CE34173F77,2160,20,"3,4",False,,0.359375,0.375,0.13043478260869565,1.0273000097701726
M4,q2,random_forest,P-D7469723BB,2160,20,"2,3,4",False,,0.8296783625730995,0.6060606060606061,0.35555555555555557,1.1416824488791382
M4,q2,random_forest,P-ECFB6C2EB9,2160,20,"3,4",False,,0.25,0.45,0.3103448275862069,1.0166893262265977
M4,q2,random_forest,P-EDDA35F3C7,2160,20,"1,2,3",False,,0.6250710108604846,0.35714285714285715,0.18333333333333335,1.5922125777517429
M4,q2,random_forest,P-EFFF04CC6B,2140,40,"3,4",False,,0.6324404761904763,0.6071428571428572,0.4145833333333333,0.8499671674824206
M4,q2,random_forest,P-F3CCAA8842,2120,60,"2,3,4",False,,0.6307400033146052,0.4246876055386694,0.30903436643474597,1.046397458217043
M4,q2,random_forest,P-FE9CDC44BE,2140,40,"2,3",False,,0.6891891891891893,0.47297297297297297,0.3153153153153153,0.6675041278698283
M5,q1,logistic,P-001F33A876,2120,60,"1,2,3",False,,0.784291927350405,0.37002583979328163,0.35407407407407404,0.6988015451367815
M5,q1,logistic,P-07BDD08C0C,2120,60,"1,2,3",False,,0.6327785727646839,0.3333333333333333,0.28205128205128205,0.8116913030832201
M5,q1,logistic,P-100AE58C58,2160,20,"1,2,3",False,,0.5469771241830066,0.3333333333333333,0.25806451612903225,1.283314725118728
M5,q1,logistic,P-11AD0DCE87,2140,40,1,False,,,1.0,1.0,0.33507313182968496
M5,q1,logistic,P-12AD0E59EB,2160,20,"1,2",False,,0.5,0.3684210526315789,0.4117647058823529,0.682258321596787
M5,q1,logistic,P-18A2FC7D4E,2120,60,"1,2,3",False,,0.8893852763794884,0.3333333333333333,0.2222222222222222,0.8926887070001291
M5,q1,logistic,P-1A38BC21DA,2120,60,"1,2,3",False,,0.5632128142974856,0.3333333333333333,0.26666666666666666,0.9374460731381309
M5,q1,logistic,P-1A815101A0,2140,40,"1,2,3",False,,0.9286029690515578,0.4583333333333333,0.4857397504456327,0.5379314489708465
M5,q1,logistic,P-1CA9C1E745,2140,40,1,False,,,1.0,1.0,0.27644144500966783
M5,q1,logistic,P-244F9886F5,2160,20,"1,2,3",False,,0.5291571173924114,0.3333333333333333,0.15384615384615385,2.088336167052788
M5,q1,logistic,P-247758AEAC,2140,40,"1,2",False,,0.7931034482758621,0.5282131661442007,0.49483352468427094,0.6649186003194474
M5,q1,logistic,P-326C04EAEB,2160,20,"1,2",False,,0.7197802197802199,0.5714285714285714,0.53125,0.7188320501711665
M5,q1,logistic,P-390B245CCC,2140,40,"1,2",False,,0.6262626262626263,0.5,0.3548387096774194,1.0612326651636494
M5,q1,logistic,P-39DC795FB0,2120,60,"1,2,4",False,,0.579887652308908,0.326241134751773,0.2893081761006289,0.7797213617500184
M5,q1,logistic,P-3D44F7B564,2160,20,1,False,,,0.9,0.47368421052631576,0.5332381769388528
M5,q1,logistic,P-3FD25AB949,2160,20,"1,2,3",False,,0.8592171717171717,0.3333333333333333,0.24444444444444444,0.8510896240447721
M5,q1,logistic,P-42CD4FF02E,2160,20,"1,2,3",False,,0.7285052910052908,0.3055555555555555,0.23655913978494625,0.9578118584131836
M5,q1,logistic,P-484A6A61BE,2120,60,"1,2,3,4",False,,0.6354551903131813,0.25,0.1282051282051282,1.6609789768376095
M5,q1,logistic,P-48B7FC4062,2160,20,"1,2,3",False,,0.6630283224400871,0.3333333333333333,0.2857142857142857,0.8168622627269787
M5,q1,logistic,P-4CEF5A2144,2140,40,"1,2",False,,0.9369369369369369,0.5,0.4805194805194805,0.37372422207771117
M5,q1,logistic,P-4D14B12359,2120,60,1,False,,,0.9666666666666667,0.4915254237288136,0.41547788289855425
M5,q1,logistic,P-4D43A127BA,2160,20,"1,2",False,,0.4453125,0.5,0.4444444444444444,0.6517989913858109
M5,q1,logistic,P-541A203CCD,2100,80,"1,4",False,,0.4766666666666667,0.5,0.2,2.89291484765295
M5,q1,logistic,P-547A3B4455,2160,20,"2,3",False,,0.4296875,0.0,0.0,1.6774526260691398
M5,q1,logistic,P-54C61641A8,2140,40,"1,2",False,,0.9038461538461539,0.5714285714285714,0.53125,0.6490445622668037
M5,q1,logistic,P-54FD02BC9C,2140,40,"1,2",False,,0.7748917748917749,0.6991341991341992,0.7364953886693018,0.5571413078518861
M5,q1,logistic,P-5E54A83C78,2140,40,"1,2,3,4",False,,0.4895851369468276,0.25,0.16037735849056603,2.126082667780998
M5,q1,logistic,P-67DCF8869F,2160,20,"1,2,4",False,,0.6663616557734205,0.3333333333333333,0.29411764705882354,2.4700702581061624
M5,q1,logistic,P-77327DFF2A,2160,20,"1,2,4",False,,0.7463571287100699,0.3636363636363636,0.21555555555555553,1.2569131978420889
M5,q1,logistic,P-7A6E877C97,2140,40,1,False,,,1.0,1.0,0.32714717669960425
M5,q1,logistic,P-7BC40AF359,2160,20,"1,2,4",False,,0.6637426900584795,0.3333333333333333,0.32432432432432434,0.6230106977069569
M5,q1,logistic,P-7E974EA92D,2160,20,"1,2,3",False,,0.46218766613503454,0.3333333333333333,0.23655913978494625,1.043174219772312
M5,q1,logistic,P-8016036889,2120,60,"1,2,3,4",False,,0.7385774483722028,0.25,0.11038961038961038,1.4300872937758435
M5,q1,logistic,P-80904DAF11,2160,20,"1,2,3",False,,0.7008928571428571,0.4166666666666667,0.4161616161616162,0.8845433885407165
M5,q1,logistic,P-826248DDD8,2140,40,"1,4",False,,0.5897435897435898,0.5,0.4936708860759494,0.38801881393782606
M5,q1,logistic,P-8405CEC183,2160,20,"1,2,3,4",False,,0.5319795108035239,0.2847222222222222,0.23148148148148145,1.5471384333934552
M5,q1,logistic,P-8EB079D859,2160,20,1,False,,,1.0,1.0,0.3949736366158632
M5,q1,logistic,P-8EB2F3E5EB,2140,40,1,False,,,0.975,0.4936708860759494,0.45712750794382717
M5,q1,logistic,P-90ADD44D40,2160,20,"1,2,3,4",False,,0.5493848981900452,0.25,0.11538461538461539,2.2173944376427577
M5,q1,logistic,P-942BF8DF1B,2120,60,"1,2,3,4",False,,0.5641015837074934,0.26529255319148937,0.25353606789250355,0.8002636866981685
M5,q1,logistic,P-95F33174C1,2120,60,1,False,,,1.0,1.0,0.4335085531659414
M5,q1,logistic,P-9EF7F8A151,2160,20,"1,2,3,4",False,,0.7317331791016002,0.29545454545454547,0.21692307692307694,1.0625997077034663
M5,q1,logistic,P-AE146C9DF8,2140,40,"1,2,3",False,,0.6640438554501055,0.42857142857142855,0.45291005291005293,0.6064242222871086
M5,q1,logistic,P-AE42FA6330,2160,20,"1,2,3,4",False,,0.6918228829993536,0.25,0.12962962962962962,1.692366811295323
M5,q1,logistic,P-AF79D1DE3B,2160,20,"1,2,3,4",False,,0.7307936954686179,0.25,0.1,2.046429375740476
M5,q1,logistic,P-B561FC8AA0,2160,20,"1,2",False,,0.9509803921568627,0.5,0.4594594594594595,0.43918649840894064
M5,q1,logistic,P-B687D84AC3,2160,20,1,False,,,1.0,1.0,0.23736565794624745
M5,q1,logistic,P-BAAF612E97,2160,20,"1,2,3",False,,0.7542735042735043,0.3888888888888889,0.36607142857142855,0.7899874508813911
M5,q1,logistic,P-BABD47FD2A,2140,40,"1,2",False,,0.9285714285714286,0.6,0.6396396396396397,0.4141221437956745
M5,q1,logistic,P-BD38D55D80,2120,60,1,False,,,1.0,1.0,0.2918255566981909
M5,q1,logistic,P-BD4404A67C,2120,60,"1,2,3,4",False,,0.4819680376787064,0.26666666666666666,0.21419437340153452,1.2148723432248194
M5,q1,logistic,P-C27F41C52B,2120,60,"1,2,4",False,,0.679586778127157,0.3333333333333333,0.24113475177304966,0.9759376227723255
M5,q1,logistic,P-C783B3EE0A,2140,40,"1,3",False,,0.9276315789473684,0.5,0.48717948717948717,0.435451329489973
M5,q1,logistic,P-CB0D54D7B6,2160,20,"1,2,3,4",False,,0.7876718869365928,0.25,0.15517241379310345,1.4828091290089471
M5,q1,logistic,P-CE34173F77,2160,20,"1,2,3",False,,0.8122710622710624,0.3076923076923077,0.25806451612903225,0.8313459350024297
M5,q1,logistic,P-D7469723BB,2160,20,"1,2,4",False,,0.6504248366013071,0.3333333333333333,0.25,1.1924777295397047
M5,q1,logistic,P-ECFB6C2EB9,2160,20,"1,2",False,,1.0,1.0,1.0,0.47697603327682847
M5,q1,logistic,P-EDDA35F3C7,2160,20,"1,2,3,4",False,,0.5390276849376114,0.25,0.05,2.5769722032268185
M5,q1,logistic,P-EFFF04CC6B,2140,40,"1,2",False,,0.43098958333333337,0.4895833333333333,0.41328731665228646,0.8940876408624767
M5,q1,logistic,P-F3CCAA8842,2120,60,1,False,,,0.9833333333333333,0.4957983193277311,0.4042559952104334
M5,q1,logistic,P-FE9CDC44BE,2140,40,"1,2,3",False,,0.5821973165723165,0.34375,0.12165129556433905,1.3141918279018356
M5,q1,random_forest,P-001F33A876,2120,60,"1,2,3",False,,0.7567434580829867,0.3333333333333333,0.27831715210355984,0.7059908939194361
M5,q1,random_forest,P-07BDD08C0C,2120,60,"1,2,3",False,,0.5433782734754957,0.3590909090909091,0.33660130718954245,0.9072751867164491
M5,q1,random_forest,P-100AE58C58,2160,20,"1,2,3",False,,0.5831535947712418,0.3333333333333333,0.25806451612903225,1.24505419577299
M5,q1,random_forest,P-11AD0DCE87,2140,40,1,False,,,1.0,1.0,0.41624810209377927
M5,q1,random_forest,P-12AD0E59EB,2160,20,"1,2",False,,0.2368421052631579,0.47368421052631576,0.47368421052631576,0.5284111557928042
M5,q1,random_forest,P-18A2FC7D4E,2120,60,"1,2,3",False,,0.8815092168392445,0.3333333333333333,0.2222222222222222,0.8842858397424006
M5,q1,random_forest,P-1A38BC21DA,2120,60,"1,2,3",False,,0.568859709122327,0.3333333333333333,0.26666666666666666,0.9414422871951289
M5,q1,random_forest,P-1A815101A0,2140,40,"1,2,3",False,,0.6897081926063781,0.3333333333333333,0.29107981220657275,0.7010017813420567
M5,q1,random_forest,P-1CA9C1E745,2140,40,1,False,,,1.0,1.0,0.19872743297183987
M5,q1,random_forest,P-244F9886F5,2160,20,"1,2,3",False,,0.4249285572814985,0.3333333333333333,0.15384615384615385,2.053294332519134
M5,q1,random_forest,P-247758AEAC,2140,40,"1,2",False,,0.5579937304075235,0.5783699059561129,0.5803066989507668,0.7943336379687966
M5,q1,random_forest,P-326C04EAEB,2160,20,"1,2",False,,0.6428571428571429,0.46153846153846156,0.375,0.7071096046965193
M5,q1,random_forest,P-390B245CCC,2140,40,"1,2",False,,0.6603535353535352,0.5,0.3548387096774194,0.8372441088648724
M5,q1,random_forest,P-39DC795FB0,2120,60,"1,2,4",False,,0.7584775408617711,0.3333333333333333,0.29283489096573206,0.6934812422122594
M5,q1,random_forest,P-3D44F7B564,2160,20,1,False,,,1.0,1.0,0.6081179204921121
M5,q1,random_forest,P-3FD25AB949,2160,20,"1,2,3",False,,0.7541644515328726,0.3333333333333333,0.23655913978494625,0.8842440700900663
M5,q1,random_forest,P-42CD4FF02E,2160,20,"1,2,3",False,,0.7301587301587302,0.3888888888888889,0.35000000000000003,0.9053148235169116
M5,q1,random_forest,P-484A6A61BE,2120,60,"1,2,3,4",False,,0.5894350735408983,0.2638888888888889,0.15367965367965367,1.768117786415989
M5,q1,random_forest,P-48B7FC4062,2160,20,"1,2,3",False,,0.5573856209150327,0.3333333333333333,0.2857142857142857,0.848775735430702
M5,q1,random_forest,P-4CEF5A2144,2140,40,"1,2",False,,0.4009009009009009,0.5,0.4805194805194805,0.529085641810192
M5,q1,random_forest,P-4D14B12359,2120,60,1,False,,,1.0,1.0,0.419204140968806
M5,q1,random_forest,P-4D43A127BA,2160,20,"1,2",False,,0.625,0.46875,0.42857142857142855,0.671298288196791
M5,q1,random_forest,P-541A203CCD,2100,80,"1,4",False,,0.4995833333333334,0.5,0.2,2.633089965043466
M5,q1,random_forest,P-547A3B4455,2160,20,"2,3",False,,0.421875,0.0,0.0,1.668657943446199
M5,q1,random_forest,P-54C61641A8,2140,40,"1,2",False,,0.804945054945055,0.5,0.3939393939393939,0.7321549153089603
M5,q1,random_forest,P-54FD02BC9C,2140,40,"1,2",False,,0.7316017316017316,0.5,0.4520547945205479,0.6152227706385573
M5,q1,random_forest,P-5E54A83C78,2140,40,"1,2,3,4",False,,0.6173112793788524,0.19117647058823528,0.1326530612244898,1.5673035663932726
M5,q1,random_forest,P-67DCF8869F,2160,20,"1,2,4",False,,0.682156862745098,0.4777777777777778,0.4121863799283154,0.9012776442970416
M5,q1,random_forest,P-77327DFF2A,2160,20,"1,2,4",False,,0.6716818040347453,0.3333333333333333,0.15384615384615385,1.5666837055246838
M5,q1,random_forest,P-7A6E877C97,2140,40,1,False,,,1.0,1.0,0.328943510501
M5,q1,random_forest,P-7BC40AF359,2160,20,"1,2,4",False,,0.9731968810916181,0.3333333333333333,0.3157894736842105,0.6300399401348777
M5,q1,random_forest,P-7E974EA92D,2160,20,"1,2,3",False,,0.48628278398015246,0.2840909090909091,0.2530864197530864,1.035025256582288
M5,q1,random_forest,P-8016036889,2120,60,"1,2,3,4",False,,0.632512651798074,0.2642857142857143,0.14305555555555555,1.324480694922523
M5,q1,random_forest,P-80904DAF11,2160,20,"1,2,3",False,,0.6883267195767196,0.3333333333333333,0.2745098039215686,0.8899833568336419
M5,q1,random_forest,P-826248DDD8,2140,40,"1,4",False,,0.7564102564102564,0.5,0.4936708860759494,0.3947199348520969
M5,q1,random_forest,P-8405CEC183,2160,20,"1,2,3,4",False,,0.6004784688995215,0.25,0.15517241379310345,1.6101838645966695
M5,q1,random_forest,P-8EB079D859,2160,20,1,False,,,1.0,1.0,0.4464577674544571
M5,q1,random_forest,P-8EB2F3E5EB,2140,40,1,False,,,0.975,0.4936708860759494,0.42167156160602026
M5,q1,random_forest,P-90ADD44D40,2160,20,"1,2,3,4",False,,0.651323630413704,0.25,0.11538461538461539,1.9843701398189306
M5,q1,random_forest,P-942BF8DF1B,2120,60,"1,2,3,4",False,,0.5177604552632726,0.24468085106382978,0.21904761904761905,0.807937249711148
M5,q1,random_forest,P-95F33174C1,2120,60,1,False,,,1.0,1.0,0.4522795886366107
M5,q1,random_forest,P-9EF7F8A151,2160,20,"1,2,3,4",False,,0.6857061067587384,0.25,0.12962962962962962,1.1518224012136518
M5,q1,random_forest,P-AE146C9DF8,2140,40,"1,2,3",False,,0.6295180513930515,0.3333333333333333,0.2962962962962963,0.6381107184227499
M5,q1,random_forest,P-AE42FA6330,2160,20,"1,2,3,4",False,,0.6296056884292178,0.25,0.1346153846153846,1.6319865845207637
M5,q1,random_forest,P-AF79D1DE3B,2160,20,"1,2,3,4",False,,0.857181098914845,0.3333333333333333,0.22916666666666669,1.6655511122040554
M5,q1,random_forest,P-B561FC8AA0,2160,20,"1,2",False,,0.8333333333333333,0.5,0.4594594594594595,0.46316366401100295
M5,q1,random_forest,P-B687D84AC3,2160,20,1,False,,,1.0,1.0,0.18910465458194337
M5,q1,random_forest,P-BAAF612E97,2160,20,"1,2,3",False,,0.7658730158730158,0.3888888888888889,0.3629032258064517,0.7688453815067177
M5,q1,random_forest,P-BABD47FD2A,2140,40,"1,2",False,,0.8028571428571429,0.5,0.4666666666666667,0.4753713205597604
M5,q1,random_forest,P-BD38D55D80,2120,60,1,False,,,1.0,1.0,0.3341445567124834
M5,q1,random_forest,P-BD4404A67C,2120,60,"1,2,3,4",False,,0.5094639136093075,0.2833333333333333,0.24236874236874237,1.1525392834538872
M5,q1,random_forest,P-C27F41C52B,2120,60,"1,2,4",False,,0.5689611093459548,0.3333333333333333,0.24113475177304966,0.9054333487990748
M5,q1,random_forest,P-C783B3EE0A,2140,40,"1,3",False,,0.631578947368421,0.5,0.48717948717948717,0.47683954310327736
M5,q1,random_forest,P-CB0D54D7B6,2160,20,"1,2,3,4",False,,0.6042356336473984,0.25,0.15517241379310345,1.6224760896396297
M5,q1,random_forest,P-CE34173F77,2160,20,"1,2,3",False,,0.790453698348435,0.3333333333333333,0.2626262626262626,0.8229557917719956
M5,q1,random_forest,P-D7469723BB,2160,20,"1,2,4",False,,0.6786192810457518,0.3333333333333333,0.25,1.21105964883718
M5,q1,random_forest,P-ECFB6C2EB9,2160,20,"1,2",False,,1.0,1.0,1.0,0.40903136100983994
M5,q1,random_forest,P-EDDA35F3C7,2160,20,"1,2,3,4",False,,0.6185197563874034,0.25,0.045454545454545456,2.437289463371349
M5,q1,random_forest,P-EFFF04CC6B,2140,40,"1,2",False,,0.6028645833333334,0.4791666666666667,0.36507936507936506,0.8598337813178187
M5,q1,random_forest,P-F3CCAA8842,2120,60,1,False,,,1.0,1.0,0.3456755523533615
M5,q1,random_forest,P-FE9CDC44BE,2140,40,"1,2,3",False,,0.4665061500999001,0.33779761904761907,0.18528027385537013,1.2105622281035682
M5,q2,logistic,P-001F33A876,2120,60,"2,3,4",False,,0.43431095674245607,0.3333333333333333,0.16033755274261605,1.02957242911439
M5,q2,logistic,P-07BDD08C0C,2120,60,"2,3,4",False,,0.5630229123946229,0.367965367965368,0.3278278278278279,1.0325738059760001
M5,q2,logistic,P-100AE58C58,2160,20,4,False,,,0.1,0.09090909090909091,0.9902093472570744
M5,q2,logistic,P-11AD0DCE87,2140,40,"2,3",False,,0.8205128205128205,0.5,0.4936708860759494,0.7300707024545886
M5,q2,logistic,P-12AD0E59EB,2160,20,4,False,,,0.3,0.23076923076923078,0.9695886416927101
M5,q2,logistic,P-18A2FC7D4E,2120,60,"2,3",False,,0.70875,0.4,0.15238095238095237,1.5522763271156066
M5,q2,logistic,P-1A38BC21DA,2120,60,"3,4",False,,0.2527272727272727,0.2909090909090909,0.34782608695652173,0.8445761446102382
M5,q2,logistic,P-1A815101A0,2140,40,"3,4",False,,0.7347670250896057,0.5,0.1836734693877551,0.9228546907508235
M5,q2,logistic,P-1CA9C1E745,2140,40,"2,3,4",False,,0.6314070767195767,0.34722222222222227,0.3125,0.9209178874143162
M5,q2,logistic,P-244F9886F5,2160,20,"3,4",False,,0.5625,0.5,0.16666666666666666,1.0428379239809364
M5,q2,logistic,P-247758AEAC,2140,40,"2,3",False,,0.43714285714285717,0.4857142857142857,0.30630630630630634,0.8823947096693111
M5,q2,logistic,P-326C04EAEB,2160,20,"2,3,4",False,,0.6775042087542088,0.3333333333333333,0.19047619047619047,0.932461004126252
M5,q2,logistic,P-390B245CCC,2140,40,"2,3,4",False,,0.6844358021490509,0.433652312599681,0.39222999222999216,1.0888651491272667
M5,q2,logistic,P-39DC795FB0,2120,60,"1,2,3,4",False,,0.636041707576844,0.3158091908091908,0.24126984126984127,1.3294269345078902
M5,q2,logistic,P-3D44F7B564,2160,20,"2,3,4",False,,0.30803571428571425,0.2777777777777778,0.13333333333333333,1.2552939291013936
M5,q2,logistic,P-3FD25AB949,2160,20,"2,3,4",False,,0.5120835548467128,0.3333333333333333,0.19047619047619047,0.9426817987065081
M5,q2,logistic,P-42CD4FF02E,2160,20,"2,3,4",False,,0.5109571909571909,0.3333333333333333,0.20689655172413793,1.099834778556684
M5,q2,logistic,P-484A6A61BE,2120,60,"1,2,3,4",False,,0.5802903284843429,0.25,0.12962962962962962,1.639555039266738
M5,q2,logistic,P-48B7FC4062,2160,20,"2,3,4",False,,0.5707602339181287,0.3333333333333333,0.13333333333333333,0.9721944511398621
M5,q2,logistic,P-4CEF5A2144,2140,40,"2,3,4",False,,0.658959706959707,0.3495238095238095,0.24952107279693483,0.953997171480256
M5,q2,logistic,P-4D14B12359,2120,60,"2,3,4",False,,0.5419232348111659,0.30357142857142855,0.20659971305595412,0.9832143872515353
M5,q2,logistic,P-4D43A127BA,2160,20,"2,3,4",False,,0.6780578898225956,0.38095238095238093,0.31321839080459773,0.9810602849912587
M5,q2,logistic,P-541A203CCD,2100,80,4,False,,,0.225,0.1836734693877551,0.8900640521904688
M5,q2,logistic,P-547A3B4455,2160,20,3,False,,,1.0,1.0,0.8180022099356087
M5,q2,logistic,P-54C61641A8,2140,40,"2,3,4",False,,0.3688053467000835,0.296969696969697,0.11909470446055813,1.0505016333273622
M5,q2,logistic,P-54FD02BC9C,2140,40,"2,3,4",False,,0.7740305308726362,0.3898989898989899,0.39570757880617036,0.8073530456725428
M5,q2,logistic,P-5E54A83C78,2140,40,"1,2,3,4",False,,0.7844471333264438,0.4928571428571429,0.4449753145405319,1.387336832649186
M5,q2,logistic,P-67DCF8869F,2160,20,"2,3",False,,0.5885416666666666,0.4375,0.1794871794871795,1.7459500253738327
M5,q2,logistic,P-77327DFF2A,2160,20,"1,2,3,4",False,,0.6624290594274147,0.40625,0.28125,1.4936537971566772
M5,q2,logistic,P-7A6E877C97,2140,40,"2,3,4",False,,0.594194401775047,0.3924731182795698,0.3206214689265537,0.9500729380109787
M5,q2,logistic,P-7BC40AF359,2160,20,"1,2,3",False,,0.47123015873015867,0.3333333333333333,0.15384615384615385,2.387876299093341
M5,q2,logistic,P-7E974EA92D,2160,20,"2,3,4",False,,0.5081018518518519,0.3333333333333333,0.2745098039215686,0.8793722311941086
M5,q2,logistic,P-8016036889,2120,60,"1,2,3",False,,0.5472343283224509,0.22666666666666668,0.11805555555555555,1.7297626985462744
M5,q2,logistic,P-80904DAF11,2160,20,"2,3,4",False,,0.6661867007261745,0.4246031746031746,0.37543859649122807,0.8843618131799534
M5,q2,logistic,P-826248DDD8,2140,40,"3,4",False,,0.5768025078369906,0.5987460815047022,0.4987468671679198,0.871114300622937
M5,q2,logistic,P-8405CEC183,2160,20,3,False,,,0.85,0.4594594594594595,0.8115820065795729
M5,q2,logistic,P-8EB079D859,2160,20,"3,4",False,,0.6568627450980392,0.5,0.13043478260869565,1.068903924471572
M5,q2,logistic,P-8EB2F3E5EB,2140,40,"2,3",False,,0.8159722222222222,0.4861111111111111,0.3111111111111111,0.8264665831053961
M5,q2,logistic,P-90ADD44D40,2160,20,"1,2,3,4",False,,0.7054169360051713,0.3,0.22333333333333333,1.8542762517386204
M5,q2,logistic,P-942BF8DF1B,2120,60,"1,3,4",False,,0.7028314220553292,0.4385964912280702,0.36289855072463767,0.9541406531943527
M5,q2,logistic,P-95F33174C1,2120,60,"3,4",False,,0.5650723025583981,0.5,0.34065934065934067,0.8533307411199166
M5,q2,logistic,P-9EF7F8A151,2160,20,"3,4",False,,0.02631578947368421,0.5,0.047619047619047616,1.20407918573132
M5,q2,logistic,P-AE146C9DF8,2140,40,4,False,,,0.0,0.0,1.1877145038740462
M5,q2,logistic,P-AE42FA6330,2160,20,"2,3,4",False,,0.5508723732407943,0.3333333333333333,0.031746031746031744,1.8883839811541783
M5,q2,logistic,P-AF79D1DE3B,2160,20,"2,3,4",False,,0.34785584785584783,0.2857142857142857,0.16,1.0550553899989974
M5,q2,logistic,P-B561FC8AA0,2160,20,"3,4",False,,0.7222222222222223,0.6388888888888888,0.5670995670995671,0.7741203649021359
M5,q2,logistic,P-B687D84AC3,2160,20,"3,4",False,,0.4226190476190476,0.5,0.23076923076923078,0.8896878923783114
M5,q2,logistic,P-BAAF612E97,2160,20,"2,3",False,,0.7552083333333333,0.4583333333333333,0.23655913978494625,1.1293235837773588
M5,q2,logistic,P-BABD47FD2A,2140,40,"2,3,4",False,,0.6861729145715647,0.36904761904761907,0.3168498168498169,1.1648129336646078
M5,q2,logistic,P-BD38D55D80,2120,60,"2,3,4",False,,0.5541216569507886,0.3895424836601307,0.2643518518518519,1.1102189421166573
M5,q2,logistic,P-BD4404A67C,2120,60,"1,2,3,4",False,,0.7123860334528663,0.2770935960591133,0.22470588235294117,1.0450537685750954
M5,q2,logistic,P-C27F41C52B,2120,60,"3,4",False,,0.5115532734274713,0.5019255455712451,0.44341372912801486,0.7994420975708796
M5,q2,logistic,P-C783B3EE0A,2140,40,4,False,,,0.0,0.0,1.0548849263459759
M5,q2,logistic,P-CB0D54D7B6,2160,20,"2,3,4",False,,0.6491866028708134,0.36296296296296293,0.3076923076923077,0.8810181490391669
M5,q2,logistic,P-CE34173F77,2160,20,"3,4",False,,0.7734375,0.65625,0.44862155388471175,0.8525134913334469
M5,q2,logistic,P-D7469723BB,2160,20,"2,3,4",False,,0.726143009037746,0.6363636363636364,0.36752136752136755,1.3637092025445625
M5,q2,logistic,P-ECFB6C2EB9,2160,20,"3,4",False,,0.645,0.5,0.3333333333333333,0.8757221203385749
M5,q2,logistic,P-EDDA35F3C7,2160,20,"1,2,3",False,,0.571186299081036,0.2904761904761905,0.12424242424242424,1.6515149119557513
M5,q2,logistic,P-EFFF04CC6B,2140,40,"3,4",False,,0.2157738095238095,0.2857142857142857,0.2857142857142857,0.8791492304672006
M5,q2,logistic,P-F3CCAA8842,2120,60,"2,3,4",False,,0.6313062619878267,0.4569402228976696,0.23714148748348476,1.14492256240488
M5,q2,logistic,P-FE9CDC44BE,2140,40,"2,3",False,,0.7342342342342343,0.2702702702702703,0.22598870056497175,0.9175513963797648
M5,q2,random_forest,P-001F33A876,2120,60,"2,3,4",False,,0.4498897796560583,0.3333333333333333,0.16033755274261605,1.1584687373175255
M5,q2,random_forest,P-07BDD08C0C,2120,60,"2,3,4",False,,0.5941886961722488,0.3333333333333333,0.21212121212121213,1.0263179275138135
M5,q2,random_forest,P-100AE58C58,2160,20,4,False,,,0.05,0.047619047619047616,1.0684356275191087
M5,q2,random_forest,P-11AD0DCE87,2140,40,"2,3",False,,0.9871794871794872,0.5,0.4936708860759494,0.4354931268537488
M5,q2,random_forest,P-12AD0E59EB,2160,20,4,False,,,0.0,0.0,1.225997130596784
M5,q2,random_forest,P-18A2FC7D4E,2120,60,"2,3",False,,0.5718749999999999,0.5,0.25,1.5759685742514533
M5,q2,random_forest,P-1A38BC21DA,2120,60,"3,4",False,,0.25636363636363635,0.3727272727272727,0.3693367162015223,0.8612639664181911
M5,q2,random_forest,P-1A815101A0,2140,40,"3,4",False,,0.7580645161290323,0.6451612903225806,0.45,1.0257225066906588
M5,q2,random_forest,P-1CA9C1E745,2140,40,"2,3,4",False,,0.49338624338624343,0.2916666666666667,0.24578424578424576,0.9928703048377485
M5,q2,random_forest,P-244F9886F5,2160,20,"3,4",False,,0.7109375,0.5,0.16666666666666666,1.0975116683861248
M5,q2,random_forest,P-247758AEAC,2140,40,"2,3",False,,0.27142857142857146,0.5,0.4666666666666667,0.7875746487906522
M5,q2,random_forest,P-326C04EAEB,2160,20,"2,3,4",False,,0.6746189969874181,0.3333333333333333,0.19047619047619047,0.9857646573973577
M5,q2,random_forest,P-390B245CCC,2140,40,"2,3,4",False,,0.7748259886916874,0.42424242424242425,0.3595679012345679,0.9677972287722645
M5,q2,random_forest,P-39DC795FB0,2120,60,"1,2,3,4",False,,0.6438716997413474,0.20541958041958042,0.1794871794871795,1.259858185110851
M5,q2,random_forest,P-3D44F7B564,2160,20,"2,3,4",False,,0.46676587301587297,0.40277777777777785,0.30952380952380953,1.239703496899939
M5,q2,random_forest,P-3FD25AB949,2160,20,"2,3,4",False,,0.5146697235513025,0.38257575757575757,0.3277777777777778,0.9404678373088794
M5,q2,random_forest,P-42CD4FF02E,2160,20,"2,3,4",False,,0.6017123617123618,0.2962962962962963,0.19047619047619047,1.086165562953006
M5,q2,random_forest,P-484A6A61BE,2120,60,"1,2,3,4",False,,0.5688943361801979,0.23809523809523808,0.1282051282051282,1.665133794086143
M5,q2,random_forest,P-48B7FC4062,2160,20,"2,3,4",False,,0.49271512113617383,0.4380952380952381,0.4102564102564103,0.9161007822501335
M5,q2,random_forest,P-4CEF5A2144,2140,40,"2,3,4",False,,0.7065689865689865,0.3761904761904762,0.3080808080808081,0.9757388890520758
M5,q2,random_forest,P-4D14B12359,2120,60,"2,3,4",False,,0.6132491789819375,0.2261904761904762,0.2585034013605442,0.7496292036199035
M5,q2,random_forest,P-4D43A127BA,2160,20,"2,3,4",False,,0.5132097967392085,0.3333333333333333,0.2222222222222222,1.045953060936784
M5,q2,random_forest,P-541A203CCD,2100,80,4,False,,,0.425,0.2982456140350877,0.9547635619547863
M5,q2,random_forest,P-547A3B4455,2160,20,3,False,,,0.35,0.25925925925925924,1.0146569603270181
M5,q2,random_forest,P-54C61641A8,2140,40,"2,3,4",False,,0.5728313207260576,0.32323232323232326,0.30476190476190473,0.8241688874332775
M5,q2,random_forest,P-54FD02BC9C,2140,40,"2,3,4",False,,0.6243654591023012,0.3333333333333333,0.3013698630136986,0.7760152575946223
M5,q2,random_forest,P-5E54A83C78,2140,40,"1,2,3,4",False,,0.6962841755945205,0.4681818181818182,0.37744152399324815,1.5487279605253295
M5,q2,random_forest,P-67DCF8869F,2160,20,"2,3",False,,0.4114583333333333,0.1875,0.10526315789473684,1.607575441843828
M5,q2,random_forest,P-77327DFF2A,2160,20,"1,2,3,4",False,,0.5760577826778485,0.25,0.14814814814814814,1.6115085391658237
M5,q2,random_forest,P-7A6E877C97,2140,40,"2,3,4",False,,0.3589981225465097,0.23655913978494625,0.24444444444444444,0.9886686103790379
M5,q2,random_forest,P-7BC40AF359,2160,20,"1,2,3",False,,0.4285714285714286,0.16666666666666666,0.10714285714285714,2.4403202402111885
M5,q2,random_forest,P-7E974EA92D,2160,20,"2,3,4",False,,0.49892526455026465,0.3333333333333333,0.2745098039215686,0.9361968816321913
M5,q2,random_forest,P-8016036889,2120,60,"1,2,3",False,,0.59367615951524,0.27999999999999997,0.12962962962962962,1.559594724505398
M5,q2,random_forest,P-80904DAF11,2160,20,"2,3,4",False,,0.5958044148833622,0.3055555555555555,0.23655913978494625,0.862428368693247
M5,q2,random_forest,P-826248DDD8,2140,40,"3,4",False,,0.5909090909090909,0.5125391849529781,0.37146448774355756,0.9674292573836635
M5,q2,random_forest,P-8405CEC183,2160,20,3,False,,,0.95,0.48717948717948717,0.6364854919268078
M5,q2,random_forest,P-8EB079D859,2160,20,"3,4",False,,0.47058823529411764,0.5,0.13043478260869565,1.2204293000341557
M5,q2,random_forest,P-8EB2F3E5EB,2140,40,"2,3",False,,0.65625,0.5,0.47368421052631576,0.6460167382142774
M5,q2,random_forest,P-90ADD44D40,2160,20,"1,2,3,4",False,,0.7351529842706314,0.41666666666666663,0.34,2.0921544346551784
M5,q2,random_forest,P-942BF8DF1B,2120,60,"1,3,4",False,,0.4484365041902955,0.3333333333333333,0.1728395061728395,1.24997673790202
M5,q2,random_forest,P-95F33174C1,2120,60,"3,4",False,,0.5472747497219133,0.4838709677419355,0.3333333333333333,1.030127913026129
M5,q2,random_forest,P-9EF7F8A151,2160,20,"3,4",False,,0.2894736842105263,0.5,0.047619047619047616,1.2519612160475662
M5,q2,random_forest,P-AE146C9DF8,2140,40,4,False,,,0.05,0.047619047619047616,1.3287319974005949
M5,q2,random_forest,P-AE42FA6330,2160,20,"2,3,4",False,,0.29099391105970057,0.2857142857142857,0.15384615384615385,1.6337533519625747
M5,q2,random_forest,P-AF79D1DE3B,2160,20,"2,3,4",False,,0.46147371147371147,0.42424242424242425,0.33730158730158727,1.0345814319816258
M5,q2,random_forest,P-B561FC8AA0,2160,20,"3,4",False,,0.5833333333333334,0.5,0.09090909090909091,1.0858415945474973
M5,q2,random_forest,P-B687D84AC3,2160,20,"3,4",False,,0.5059523809523809,0.5238095238095238,0.3939393939393939,0.8470489872752692
M5,q2,random_forest,P-BAAF612E97,2160,20,"2,3",False,,0.6458333333333333,0.5,0.375,1.012161352907762
M5,q2,random_forest,P-BABD47FD2A,2140,40,"2,3,4",False,,0.36976902769921144,0.2857142857142857,0.20689655172413793,1.22304115963079
M5,q2,random_forest,P-BD38D55D80,2120,60,"2,3,4",False,,0.4920838638485698,0.34771241830065364,0.224591329068941,1.2802644137802446
M5,q2,random_forest,P-BD4404A67C,2120,60,"1,2,3,4",False,,0.7160281641138292,0.2619047619047619,0.1875,1.0352149195206444
M5,q2,random_forest,P-C27F41C52B,2120,60,"3,4",False,,0.5141206675224647,0.5141206675224647,0.45165945165945165,0.9057790831473336
M5,q2,random_forest,P-C783B3EE0A,2140,40,4,False,,,0.275,0.21568627450980393,1.215489453358384
M5,q2,random_forest,P-CB0D54D7B6,2160,20,"2,3,4",False,,0.5853818890660996,0.3333333333333333,0.20689655172413793,0.9644339376393054
M5,q2,random_forest,P-CE34173F77,2160,20,"3,4",False,,0.3125,0.5,0.16666666666666666,1.1116925359729692
M5,q2,random_forest,P-D7469723BB,2160,20,"2,3,4",False,,0.6196338383838383,0.3333333333333333,0.23655913978494625,1.4976774534498398
M5,q2,random_forest,P-ECFB6C2EB9,2160,20,"3,4",False,,0.36,0.5,0.3333333333333333,0.9716483536176088
M5,q2,random_forest,P-EDDA35F3C7,2160,20,"1,2,3",False,,0.45131996658312445,0.35714285714285715,0.18333333333333335,1.511917099257449
M5,q2,random_forest,P-EFFF04CC6B,2140,40,"3,4",False,,0.6086309523809523,0.5535714285714286,0.551337359792925,0.7784157945318131
M5,q2,random_forest,P-F3CCAA8842,2120,60,"2,3,4",False,,0.5687513351325296,0.30158730158730157,0.13567251461988303,1.202862072004191
M5,q2,random_forest,P-FE9CDC44BE,2140,40,"2,3",False,,0.7027027027027026,0.35135135135135137,0.2708333333333333,0.8660271183338668
M6,q1,logistic,P-001F33A876,2120,60,"1,2,3",False,,0.7485184020443545,0.37002583979328163,0.35407407407407404,0.7303242201922221
M6,q1,logistic,P-07BDD08C0C,2120,60,"1,2,3",False,,0.5915093527871306,0.3333333333333333,0.28205128205128205,0.8183577915949914
M6,q1,logistic,P-100AE58C58,2160,20,"1,2,3",False,,0.539468954248366,0.3333333333333333,0.25806451612903225,1.255310338156268
M6,q1,logistic,P-11AD0DCE87,2140,40,1,False,,,1.0,1.0,0.321694125878365
M6,q1,logistic,P-12AD0E59EB,2160,20,"1,2",False,,0.39473684210526316,0.42105263157894735,0.4444444444444444,0.6320685841571226
M6,q1,logistic,P-18A2FC7D4E,2120,60,"1,2,3",False,,0.8544691981814209,0.3448275862068966,0.24694132334581773,0.9148125329739553
M6,q1,logistic,P-1A38BC21DA,2120,60,"1,2,3",False,,0.557170892632859,0.3333333333333333,0.26666666666666666,0.9233042566810101
M6,q1,logistic,P-1A815101A0,2140,40,"1,2,3",False,,0.9015216461032992,0.4166666666666667,0.4328502415458937,0.5384325348678989
M6,q1,logistic,P-1CA9C1E745,2140,40,1,False,,,1.0,1.0,0.25565028523561584
M6,q1,logistic,P-244F9886F5,2160,20,"1,2,3",False,,0.48000311235605353,0.3333333333333333,0.15384615384615385,2.162052775479984
M6,q1,logistic,P-247758AEAC,2140,40,"1,2",False,,0.7789968652037618,0.4827586206896552,0.4117647058823529,0.6580092211148449
M6,q1,logistic,P-326C04EAEB,2160,20,"1,2",False,,0.7747252747252746,0.5,0.3939393939393939,0.7169711781786026
M6,q1,logistic,P-390B245CCC,2140,40,"1,2",False,,0.5681818181818181,0.5,0.3548387096774194,1.0800561181809525
M6,q1,logistic,P-39DC795FB0,2120,60,"1,2,4",False,,0.4993011366212243,0.3333333333333333,0.29559748427672955,0.7994210338746445
M6,q1,logistic,P-3D44F7B564,2160,20,1,False,,,0.7,0.4117647058823529,0.6313098010182638
M6,q1,logistic,P-3FD25AB949,2160,20,"1,2,3",False,,0.8319654882154882,0.3333333333333333,0.23655913978494625,0.9107830666754726
M6,q1,logistic,P-42CD4FF02E,2160,20,"1,2,3",False,,0.6590608465608465,0.3055555555555555,0.23655913978494625,1.0177354541333945
M6,q1,logistic,P-484A6A61BE,2120,60,"1,2,3,4",False,,0.6114485358042804,0.25,0.125,1.6219534105655091
M6,q1,logistic,P-48B7FC4062,2160,20,"1,2,3",False,,0.6284531590413943,0.3333333333333333,0.29411764705882354,0.8569742770983544
M6,q1,logistic,P-4CEF5A2144,2140,40,"1,2",False,,0.9009009009009009,0.5,0.4805194805194805,0.3723002378922949
M6,q1,logistic,P-4D14B12359,2120,60,1,False,,,0.9833333333333333,0.4957983193277311,0.3736002250431715
M6,q1,logistic,P-4D43A127BA,2160,20,"1,2",False,,0.484375,0.46875,0.42857142857142855,0.7147245789897788
M6,q1,logistic,P-541A203CCD,2100,80,"1,4",False,,0.5045833333333333,0.5,0.2,2.933614395099025
M6,q1,logistic,P-547A3B4455,2160,20,"2,3",False,,0.453125,0.0,0.0,1.725658216578342
M6,q1,logistic,P-54C61641A8,2140,40,"1,2",False,,0.901098901098901,0.5357142857142857,0.4666666666666667,0.6543563049301366
M6,q1,logistic,P-54FD02BC9C,2140,40,"1,2",False,,0.7619047619047619,0.5,0.4520547945205479,0.5453072953409123
M6,q1,logistic,P-5E54A83C78,2140,40,"1,2,3,4",False,,0.4650179738684248,0.22058823529411764,0.14705882352941177,2.1837138497307342
M6,q1,logistic,P-67DCF8869F,2160,20,"1,2,4",False,,0.6817864923747278,0.5,0.4696969696969697,0.9823130959119875
M6,q1,logistic,P-77327DFF2A,2160,20,"1,2,4",False,,0.7820360467419292,0.3636363636363636,0.21555555555555553,1.3143337107894328
M6,q1,logistic,P-7A6E877C97,2140,40,1,False,,,1.0,1.0,0.2754622522291815
M6,q1,logistic,P-7BC40AF359,2160,20,"1,2,4",False,,0.6812865497076025,0.2777777777777778,0.29411764705882354,0.71663101617731
M6,q1,logistic,P-7E974EA92D,2160,20,"1,2,3",False,,0.4554536594010279,0.375,0.3185185185185185,1.0470257088190156
M6,q1,logistic,P-8016036889,2120,60,"1,2,3,4",False,,0.6671729989093858,0.2571428571428571,0.12573099415204678,1.4116489985598866
M6,q1,logistic,P-80904DAF11,2160,20,"1,2,3",False,,0.7047784391534391,0.4166666666666667,0.4161616161616162,0.8825761838854376
M6,q1,logistic,P-826248DDD8,2140,40,"1,4",False,,0.8461538461538463,0.5,0.4936708860759494,0.3531262459063663
M6,q1,logistic,P-8405CEC183,2160,20,"1,2,3,4",False,,0.3430415527455002,0.2847222222222222,0.23148148148148145,1.5527261722326198
M6,q1,logistic,P-8EB079D859,2160,20,1,False,,,1.0,1.0,0.38525340941293973
M6,q1,logistic,P-8EB2F3E5EB,2140,40,1,False,,,0.975,0.4936708860759494,0.43905110259404195
M6,q1,logistic,P-90ADD44D40,2160,20,"1,2,3,4",False,,0.5631497791424263,0.25,0.11538461538461539,2.2386699188462504
M6,q1,logistic,P-942BF8DF1B,2120,60,"1,2,3,4",False,,0.5911921905402567,0.24933510638297873,0.23859543817527012,0.8197940954843173
M6,q1,logistic,P-95F33174C1,2120,60,1,False,,,1.0,1.0,0.4097192424657744
M6,q1,logistic,P-9EF7F8A151,2160,20,"1,2,3,4",False,,0.6794112320428111,0.2727272727272727,0.17628205128205127,1.0787591267817316
M6,q1,logistic,P-AE146C9DF8,2140,40,"1,2,3",False,,0.6241436514874015,0.38095238095238093,0.3838028169014085,0.6151043919925543
M6,q1,logistic,P-AE42FA6330,2160,20,"1,2,3,4",False,,0.6982870071105365,0.25,0.12962962962962962,1.6465752721875677
M6,q1,logistic,P-AF79D1DE3B,2160,20,"1,2,3,4",False,,0.7168483597585765,0.25,0.10416666666666667,1.9375587533861196
M6,q1,logistic,P-B561FC8AA0,2160,20,"1,2",False,,0.9803921568627452,0.5,0.4594594594594595,0.41601852514577214
M6,q1,logistic,P-B687D84AC3,2160,20,1,False,,,1.0,1.0,0.2881525372165489
M6,q1,logistic,P-BAAF612E97,2160,20,"1,2,3",False,,0.7661782661782662,0.3888888888888889,0.36607142857142855,0.8009914425376197
M6,q1,logistic,P-BABD47FD2A,2140,40,"1,2",False,,0.8971428571428572,0.6,0.6396396396396397,0.41446154776866395
M6,q1,logistic,P-BD38D55D80,2120,60,1,False,,,0.95,0.48717948717948717,0.40067157571378176
M6,q1,logistic,P-BD4404A67C,2120,60,"1,2,3,4",False,,0.49592748422139377,0.2833333333333333,0.24236874236874237,1.2262260678788228
M6,q1,logistic,P-C27F41C52B,2120,60,"1,2,4",False,,0.7079656488410228,0.3466666666666667,0.2693686242073339,0.9504297294157319
M6,q1,logistic,P-C783B3EE0A,2140,40,"1,3",False,,0.868421052631579,0.5,0.48717948717948717,0.4577073903062564
M6,q1,logistic,P-CB0D54D7B6,2160,20,"1,2,3,4",False,,0.7901971394618454,0.25,0.16666666666666666,1.273574998554793
M6,q1,logistic,P-CE34173F77,2160,20,"1,2,3",False,,0.8076923076923078,0.3076923076923077,0.25806451612903225,0.8788408499803341
M6,q1,logistic,P-D7469723BB,2160,20,"1,2,4",False,,0.7751470588235293,0.3333333333333333,0.25,1.0952877119603073
M6,q1,logistic,P-ECFB6C2EB9,2160,20,"1,2",False,,1.0,1.0,1.0,0.5160673505913997
M6,q1,logistic,P-EDDA35F3C7,2160,20,"1,2,3,4",False,,0.5652457479203803,0.25,0.045454545454545456,2.7959237467082607
M6,q1,logistic,P-EFFF04CC6B,2140,40,"1,2",False,,0.45703125,0.4895833333333333,0.41328731665228646,0.9215978604042571
M6,q1,logistic,P-F3CCAA8842,2120,60,1,False,,,0.9666666666666667,0.3276836158192091,0.46811158329190045
M6,q1,logistic,P-FE9CDC44BE,2140,40,"1,2,3",False,,0.48564066142191137,0.34375,0.12165129556433905,1.3661933125902261
M6,q1,random_forest,P-001F33A876,2120,60,"1,2,3",False,,0.7231481335888775,0.35555555555555557,0.3227124183006536,0.7297729461484322
M6,q1,random_forest,P-07BDD08C0C,2120,60,"1,2,3",False,,0.5374512252151141,0.3181818181818182,0.2745098039215686,0.9455075586378886
M6,q1,random_forest,P-100AE58C58,2160,20,"1,2,3",False,,0.5641911764705881,0.3333333333333333,0.25806451612903225,1.2249254706249448
M6,q1,random_forest,P-11AD0DCE87,2140,40,1,False,,,1.0,1.0,0.35464492369317335
M6,q1,random_forest,P-12AD0E59EB,2160,20,"1,2",False,,0.4473684210526316,0.3157894736842105,0.375,0.6683159055058603
M6,q1,random_forest,P-18A2FC7D4E,2120,60,"1,2,3",False,,0.7826897920336958,0.3448275862068966,0.24694132334581773,0.9169566237066497
M6,q1,random_forest,P-1A38BC21DA,2120,60,"1,2,3",False,,0.5373157614739082,0.3333333333333333,0.26666666666666666,0.9790365482478723
M6,q1,random_forest,P-1A815101A0,2140,40,"1,2,3",False,,0.8132783062218546,0.3333333333333333,0.29107981220657275,0.6005898816690269
M6,q1,random_forest,P-1CA9C1E745,2140,40,1,False,,,1.0,1.0,0.16472303749052958
M6,q1,random_forest,P-244F9886F5,2160,20,"1,2,3",False,,0.5117491441020853,0.3333333333333333,0.15384615384615385,2.21817816883843
M6,q1,random_forest,P-247758AEAC,2140,40,"1,2",False,,0.5454545454545454,0.5109717868338558,0.48051948051948057,0.7919328338357718
M6,q1,random_forest,P-326C04EAEB,2160,20,"1,2",False,,0.6868131868131868,0.4945054945054945,0.4666666666666667,0.6790914911858611
M6,q1,random_forest,P-390B245CCC,2140,40,"1,2",False,,0.6237373737373737,0.5,0.3548387096774194,0.9499877667639065
M6,q1,random_forest,P-39DC795FB0,2120,60,"1,2,4",False,,0.6613784417810283,0.3333333333333333,0.29283489096573206,0.730344414464024
M6,q1,random_forest,P-3D44F7B564,2160,20,1,False,,,0.95,0.48717948717948717,0.589130628698032
M6,q1,random_forest,P-3FD25AB949,2160,20,"1,2,3",False,,0.8691354332801703,0.3333333333333333,0.23655913978494625,0.9038598482461
M6,q1,random_forest,P-42CD4FF02E,2160,20,"1,2,3",False,,0.5834986772486772,0.25,0.20689655172413793,1.0062239210764405
M6,q1,random_forest,P-484A6A61BE,2120,60,"1,2,3,4",False,,0.6572421738628413,0.25,0.12658227848101267,1.636594400193605
M6,q1,random_forest,P-48B7FC4062,2160,20,"1,2,3",False,,0.7083224400871461,0.3333333333333333,0.2857142857142857,0.7967574431373132
M6,q1,random_forest,P-4CEF5A2144,2140,40,"1,2",False,,0.6216216216216217,0.4864864864864865,0.47368421052631576,0.5082342746372273
M6,q1,random_forest,P-4D14B12359,2120,60,1,False,,,0.9833333333333333,0.4957983193277311,0.42401667017796874
M6,q1,random_forest,P-4D43A127BA,2160,20,"1,2",False,,0.375,0.46875,0.42857142857142855,0.786541082932571
M6,q1,random_forest,P-541A203CCD,2100,80,"1,4",False,,0.5720833333333334,0.475,0.12794612794612795,2.456545484904399
M6,q1,random_forest,P-547A3B4455,2160,20,"2,3",False,,0.65625,0.0,0.0,1.7548800449885675
M6,q1,random_forest,P-54C61641A8,2140,40,"1,2",False,,0.9065934065934065,0.5879120879120879,0.5698924731182795,0.6248302171851245
M6,q1,random_forest,P-54FD02BC9C,2140,40,"1,2",False,,0.6861471861471862,0.6536796536796536,0.6536796536796536,0.6239621311719237
M6,q1,random_forest,P-5E54A83C78,2140,40,"1,2,3,4",False,,0.5156536160708997,0.22058823529411764,0.1388888888888889,1.5542562647501668
M6,q1,random_forest,P-67DCF8869F,2160,20,"1,2,4",False,,0.709193899782135,0.5,0.5163398692810457,0.8178332092198397
M6,q1,random_forest,P-77327DFF2A,2160,20,"1,2,4",False,,0.7149577002518179,0.3080808080808081,0.19620958751393536,1.384904739198586
M6,q1,random_forest,P-7A6E877C97,2140,40,1,False,,,1.0,1.0,0.2627611109812908
M6,q1,random_forest,P-7BC40AF359,2160,20,"1,2,4",False,,0.8927875243664717,0.6296296296296297,0.47142857142857136,0.7019502668035817
M6,q1,random_forest,P-7E974EA92D,2160,20,"1,2,3",False,,0.3675516126174021,0.30303030303030304,0.2222222222222222,1.0665032995596868
M6,q1,random_forest,P-8016036889,2120,60,"1,2,3,4",False,,0.7461090321720776,0.2714285714285714,0.15630367571281345,1.4496879188771836
M6,q1,random_forest,P-80904DAF11,2160,20,"1,2,3",False,,0.6727843915343916,0.30952380952380953,0.2626262626262626,0.9165460014895672
M6,q1,random_forest,P-826248DDD8,2140,40,"1,4",False,,0.7948717948717949,0.5,0.4936708860759494,0.4091799824851076
M6,q1,random_forest,P-8405CEC183,2160,20,"1,2,3,4",False,,0.399378832972583,0.25,0.15517241379310345,1.5696540054637604
M6,q1,random_forest,P-8EB079D859,2160,20,1,False,,,1.0,1.0,0.35783570232703604
M6,q1,random_forest,P-8EB2F3E5EB,2140,40,1,False,,,0.975,0.4936708860759494,0.37313728294198134
M6,q1,random_forest,P-90ADD44D40,2160,20,"1,2,3,4",False,,0.6391907724628313,0.25,0.11538461538461539,2.1466909057780366
M6,q1,random_forest,P-942BF8DF1B,2120,60,"1,2,3,4",False,,0.6155114578668717,0.22340425531914893,0.20588235294117646,0.7904603382397855
M6,q1,random_forest,P-95F33174C1,2120,60,1,False,,,1.0,1.0,0.3254320427585879
M6,q1,random_forest,P-9EF7F8A151,2160,20,"1,2,3,4",False,,0.6279320095109568,0.25,0.12962962962962962,1.1786189128758364
M6,q1,random_forest,P-AE146C9DF8,2140,40,"1,2,3",False,,0.6925700167887667,0.3333333333333333,0.2962962962962963,0.5983840525799575
M6,q1,random_forest,P-AE42FA6330,2160,20,"1,2,3,4",False,,0.7055591467356174,0.25,0.14,1.7375224766274933
M6,q1,random_forest,P-AF79D1DE3B,2160,20,"1,2,3,4",False,,0.7244922913343966,0.25,0.1,1.7551512742721886
M6,q1,random_forest,P-B561FC8AA0,2160,20,"1,2",False,,0.8921568627450981,0.5,0.4594594594594595,0.3799354128681845
M6,q1,random_forest,P-B687D84AC3,2160,20,1,False,,,1.0,1.0,0.15157502846336984
M6,q1,random_forest,P-BAAF612E97,2160,20,"1,2,3",False,,0.6886607544502281,0.3162393162393162,0.30857142857142855,0.8197494300109316
M6,q1,random_forest,P-BABD47FD2A,2140,40,"1,2",False,,0.8514285714285714,0.5,0.4666666666666667,0.42297225660307924
M6,q1,random_forest,P-BD38D55D80,2120,60,1,False,,,0.9833333333333333,0.4957983193277311,0.34297275221354884
M6,q1,random_forest,P-BD4404A67C,2120,60,"1,2,3,4",False,,0.4325755223473037,0.2833333333333333,0.2415204678362573,1.296118726733009
M6,q1,random_forest,P-C27F41C52B,2120,60,"1,2,4",False,,0.6796901310719855,0.3333333333333333,0.24113475177304966,0.8832765753171192
M6,q1,random_forest,P-C783B3EE0A,2140,40,"1,3",False,,0.743421052631579,0.5,0.48717948717948717,0.4706129274198716
M6,q1,random_forest,P-CB0D54D7B6,2160,20,"1,2,3,4",False,,0.7397292250233426,0.25,0.15517241379310345,1.393552035254381
M6,q1,random_forest,P-CE34173F77,2160,20,"1,2,3",False,,0.7350748666538139,0.3376068376068376,0.3185185185185185,0.8168764919781957
M6,q1,random_forest,P-D7469723BB,2160,20,"1,2,4",False,,0.7924673202614377,0.3333333333333333,0.25,1.0758411272181974
M6,q1,random_forest,P-ECFB6C2EB9,2160,20,"1,2",False,,1.0,1.0,1.0,0.5048367796571654
M6,q1,random_forest,P-EDDA35F3C7,2160,20,"1,2,3,4",False,,0.6080729166666667,0.25,0.05,2.543327428493589
M6,q1,random_forest,P-EFFF04CC6B,2140,40,"1,2",False,,0.55859375,0.4791666666666667,0.36507936507936506,0.8883819985897455
M6,q1,random_forest,P-F3CCAA8842,2120,60,1,False,,,1.0,1.0,0.3043549166715151
M6,q1,random_forest,P-FE9CDC44BE,2140,40,"1,2,3",False,,0.5218305999556,0.4270833333333333,0.2691484809584938,1.131852237458363
M6,q2,logistic,P-001F33A876,2120,60,"2,3,4",False,,0.3706860970040997,0.3243364822312191,0.17415489944373128,1.1004000643372271
M6,q2,logistic,P-07BDD08C0C,2120,60,"2,3,4",False,,0.5178424185463659,0.29437229437229434,0.2661361626878868,1.0639917784532362
M6,q2,logistic,P-100AE58C58,2160,20,4,False,,,0.25,0.2,0.9809182491937596
M6,q2,logistic,P-11AD0DCE87,2140,40,"2,3",False,,0.6666666666666667,0.46153846153846156,0.3157894736842105,0.7152364848247851
M6,q2,logistic,P-12AD0E59EB,2160,20,4,False,,,0.25,0.2,1.054722584972779
M6,q2,logistic,P-18A2FC7D4E,2120,60,"2,3",False,,0.66875,0.3375,0.15833666533386645,1.4664184829166638
M6,q2,logistic,P-1A38BC21DA,2120,60,"3,4",False,,0.3090909090909091,0.2727272727272727,0.3333333333333333,0.87240035546287
M6,q2,logistic,P-1A815101A0,2140,40,"3,4",False,,0.6362007168458781,0.4444444444444444,0.16666666666666666,0.9294919887307552
M6,q2,logistic,P-1CA9C1E745,2140,40,"2,3,4",False,,0.6078869047619048,0.3333333333333333,0.3068100358422939,0.9222339361385771
M6,q2,logistic,P-244F9886F5,2160,20,"3,4",False,,0.515625,0.5625,0.29292929292929293,1.0125154462811805
M6,q2,logistic,P-247758AEAC,2140,40,"2,3",False,,0.5142857142857142,0.4857142857142857,0.30630630630630634,0.8477418448313798
M6,q2,logistic,P-326C04EAEB,2160,20,"2,3,4",False,,0.72243265993266,0.3636363636363636,0.2530864197530864,0.8938435308280406
M6,q2,logistic,P-390B245CCC,2140,40,"2,3,4",False,,0.6402184143744942,0.5068580542264752,0.499328165374677,1.0761896872315229
M6,q2,logistic,P-39DC795FB0,2120,60,"1,2,3,4",False,,0.6411621992704415,0.2817182817182817,0.19999621899576528,1.3393294152689528
M6,q2,logistic,P-3D44F7B564,2160,20,"2,3,4",False,,0.3854166666666667,0.3055555555555555,0.23809523809523805,1.2063513420713152
M6,q2,logistic,P-3FD25AB949,2160,20,"2,3,4",False,,0.5082458355484671,0.3636363636363636,0.2530864197530864,0.94171941214963
M6,q2,logistic,P-42CD4FF02E,2160,20,"2,3,4",False,,0.513020683020683,0.35185185185185186,0.28,1.1197182729702253
M6,q2,logistic,P-484A6A61BE,2120,60,"1,2,3,4",False,,0.5391254199303736,0.3373015873015873,0.2357142857142857,1.6485984310195498
M6,q2,logistic,P-48B7FC4062,2160,20,"2,3,4",False,,0.6429908103592314,0.3333333333333333,0.1388888888888889,1.0302300960381068
M6,q2,logistic,P-4CEF5A2144,2140,40,"2,3,4",False,,0.5134676434676434,0.34190476190476193,0.2881896944824442,0.9717222320351414
M6,q2,logistic,P-4D14B12359,2120,60,"2,3,4",False,,0.533097290640394,0.4523809523809524,0.2051282051282051,0.9454960748467985
M6,q2,logistic,P-4D43A127BA,2160,20,"2,3,4",False,,0.7376915894562953,0.34761904761904766,0.28835978835978837,0.975434110696167
M6,q2,logistic,P-541A203CCD,2100,80,4,False,,,0.1875,0.15789473684210525,0.8867960960921636
M6,q2,logistic,P-547A3B4455,2160,20,3,False,,,0.75,0.42857142857142855,0.7910356236658145
M6,q2,logistic,P-54C61641A8,2140,40,"2,3,4",False,,0.4857423862687021,0.3737373737373737,0.15337288508020216,1.0567944065529429
M6,q2,logistic,P-54FD02BC9C,2140,40,"2,3,4",False,,0.8573737373737375,0.48888888888888893,0.3862068965517242,0.8204899020286499
M6,q2,logistic,P-5E54A83C78,2140,40,"1,2,3,4",False,,0.8588930896689516,0.4155844155844156,0.3405797101449275,1.217076999913726
M6,q2,logistic,P-67DCF8869F,2160,20,"2,3",False,,0.7083333333333333,0.25,0.14814814814814814,3.1305572184106785
M6,q2,logistic,P-77327DFF2A,2160,20,"1,2,3,4",False,,0.6364958369481396,0.28125,0.18823529411764706,1.5507511851239133
M6,q2,logistic,P-7A6E877C97,2140,40,"2,3,4",False,,0.7224103942652329,0.5053763440860215,0.3202511773940345,0.9571818431126419
M6,q2,logistic,P-7BC40AF359,2160,20,"1,2,3",False,,0.5277777777777778,0.2777777777777778,0.13333333333333333,2.120690170742672
M6,q2,logistic,P-7E974EA92D,2160,20,"2,3,4",False,,0.25851521164021163,0.3333333333333333,0.2745098039215686,0.9583455945347357
M6,q2,logistic,P-8016036889,2120,60,"1,2,3",False,,0.5645384330441802,0.25333333333333335,0.125,1.5633176353916924
M6,q2,logistic,P-80904DAF11,2160,20,"2,3,4",False,,0.7950183953473428,0.5555555555555555,0.5132275132275131,0.8277552907174407
M6,q2,logistic,P-826248DDD8,2140,40,"3,4",False,,0.5721003134796239,0.5188087774294671,0.42464040025015637,0.8331176714222307
M6,q2,logistic,P-8405CEC183,2160,20,3,False,,,0.7,0.4117647058823529,0.7990989716810807
M6,q2,logistic,P-8EB079D859,2160,20,"3,4",False,,0.7549019607843137,0.5882352941176471,0.3,0.9854325855449586
M6,q2,logistic,P-8EB2F3E5EB,2140,40,"2,3",False,,0.75,0.4444444444444444,0.2962962962962963,0.8083381310384947
M6,q2,logistic,P-90ADD44D40,2160,20,"1,2,3,4",False,,0.7059965524671407,0.25,0.14,1.8972225714016546
M6,q2,logistic,P-942BF8DF1B,2120,60,"1,3,4",False,,0.6195908033552994,0.3483709273182957,0.26518804243008676,1.0334538229949344
M6,q2,logistic,P-95F33174C1,2120,60,"3,4",False,,0.5100111234705228,0.5561735261401557,0.5125,0.8366121111356363
M6,q2,logistic,P-9EF7F8A151,2160,20,"3,4",False,,0.02631578947368421,0.02631578947368421,0.047619047619047616,1.0757121920743828
M6,q2,logistic,P-AE146C9DF8,2140,40,4,False,,,0.025,0.024390243902439025,1.144558600730149
M6,q2,logistic,P-AE42FA6330,2160,20,"2,3,4",False,,0.44793474069789857,0.3333333333333333,0.03333333333333333,1.8663356207483512
M6,q2,logistic,P-AF79D1DE3B,2160,20,"2,3,4",False,,0.3677618677618677,0.22077922077922077,0.16865079365079363,1.084493766909526
M6,q2,logistic,P-B561FC8AA0,2160,20,"3,4",False,,0.75,0.7222222222222222,0.45054945054945056,0.8708410094347615
M6,q2,logistic,P-B687D84AC3,2160,20,"3,4",False,,0.4702380952380953,0.5,0.23076923076923078,0.8813629576431129
M6,q2,logistic,P-BAAF612E97,2160,20,"2,3",False,,0.6666666666666666,0.4166666666666667,0.2222222222222222,1.2676339698285524
M6,q2,logistic,P-BABD47FD2A,2140,40,"2,3,4",False,,0.5403674784204503,0.36309523809523814,0.30718954248366015,1.1613807336016373
M6,q2,logistic,P-BD38D55D80,2120,60,"2,3,4",False,,0.583384719855308,0.27385620915032677,0.15662362505978,1.076139439961708
M6,q2,logistic,P-BD4404A67C,2120,60,"1,2,3,4",False,,0.7074845387097175,0.3160919540229885,0.2837893017558187,1.0602007372340172
M6,q2,logistic,P-C27F41C52B,2120,60,"3,4",False,,0.4961489088575096,0.5141206675224647,0.45165945165945165,0.8304972352664293
M6,q2,logistic,P-C783B3EE0A,2140,40,4,False,,,0.05,0.047619047619047616,1.0795313071344599
M6,q2,logistic,P-CB0D54D7B6,2160,20,"2,3,4",False,,0.7361899698741804,0.38518518518518513,0.3859649122807018,0.8959716107788027
M6,q2,logistic,P-CE34173F77,2160,20,"3,4",False,,0.6796875,0.625,0.52,0.8457383707536679
M6,q2,logistic,P-D7469723BB,2160,20,"2,3,4",False,,0.8247607655502392,0.6363636363636364,0.4047619047619048,1.237515091200435
M6,q2,logistic,P-ECFB6C2EB9,2160,20,"3,4",False,,0.425,0.39999999999999997,0.34065934065934067,0.9555740480697799
M6,q2,logistic,P-EDDA35F3C7,2160,20,"1,2,3",False,,0.6250710108604846,0.19999999999999998,0.06818181818181818,1.884533656913724
M6,q2,logistic,P-EFFF04CC6B,2140,40,"3,4",False,,0.36755952380952384,0.38690476190476186,0.3890909090909091,0.9073102456439951
M6,q2,logistic,P-F3CCAA8842,2120,60,"2,3,4",False,,0.6156478884968112,0.425531914893617,0.293631100082713,1.1272529356546106
M6,q2,logistic,P-FE9CDC44BE,2140,40,"2,3",False,,0.6756756756756757,0.28378378378378377,0.22950819672131148,0.8763120949528073
M6,q2,random_forest,P-001F33A876,2120,60,"2,3,4",False,,0.4971593025464036,0.33198380566801616,0.23969575495939974,1.1070407731328336
M6,q2,random_forest,P-07BDD08C0C,2120,60,"2,3,4",False,,0.6131600734791525,0.33008658008658004,0.30057413036136443,1.015763073162407
M6,q2,random_forest,P-100AE58C58,2160,20,4,False,,,0.15,0.13043478260869565,0.9719776079292236
M6,q2,random_forest,P-11AD0DCE87,2140,40,"2,3",False,,0.8076923076923077,0.4230769230769231,0.3013698630136986,0.6984424697082194
M6,q2,random_forest,P-12AD0E59EB,2160,20,4,False,,,0.15,0.08695652173913043,1.141006184087445
M6,q2,random_forest,P-18A2FC7D4E,2120,60,"2,3",False,,0.6187499999999999,0.21250000000000002,0.11322985957132298,1.3889211656811729
M6,q2,random_forest,P-1A38BC21DA,2120,60,"3,4",False,,0.3381818181818182,0.4818181818181818,0.2111888111888112,1.0603186947590808
M6,q2,random_forest,P-1A815101A0,2140,40,"3,4",False,,0.7329749103942653,0.6702508960573477,0.5396419437340154,0.8166747344063024
M6,q2,random_forest,P-1CA9C1E745,2140,40,"2,3,4",False,,0.5232308201058201,0.2916666666666667,0.16074577979339885,1.0424733655673166
M6,q2,random_forest,P-244F9886F5,2160,20,"3,4",False,,0.5390625,0.4375,0.375,0.9022479890624708
M6,q2,random_forest,P-247758AEAC,2140,40,"2,3",False,,0.39714285714285713,0.4142857142857143,0.2801932367149758,0.91315749633427
M6,q2,random_forest,P-326C04EAEB,2160,20,"2,3,4",False,,0.8223905723905723,0.3333333333333333,0.19047619047619047,0.9523598240402876
M6,q2,random_forest,P-390B245CCC,2140,40,"2,3,4",False,,0.553443666637859,0.2838915470494418,0.2435897435897436,1.1305050850480682
M6,q2,random_forest,P-39DC795FB0,2120,60,"1,2,3,4",False,,0.6231903103322287,0.28563936063936063,0.27707437490046183,1.379691360711463
M6,q2,random_forest,P-3D44F7B564,2160,20,"2,3,4",False,,0.5629960317460317,0.40277777777777773,0.37671957671957673,1.1680152566753752
M6,q2,random_forest,P-3FD25AB949,2160,20,"2,3,4",False,,0.26514597731702993,0.2272727272727273,0.1996434937611408,1.0812642774463341
M6,q2,random_forest,P-42CD4FF02E,2160,20,"2,3,4",False,,0.5631409331409332,0.2962962962962963,0.19753086419753085,1.0697499487164956
M6,q2,random_forest,P-484A6A61BE,2120,60,"1,2,3,4",False,,0.6164516311575134,0.32936507936507936,0.2253787878787879,1.5613534138510552
M6,q2,random_forest,P-48B7FC4062,2160,20,"2,3,4",False,,0.46472848788638266,0.09047619047619049,0.07953216374269005,1.2135192798674916
M6,q2,random_forest,P-4CEF5A2144,2140,40,"2,3,4",False,,0.47096214896214894,0.3361904761904762,0.25396825396825395,1.243705643863385
M6,q2,random_forest,P-4D14B12359,2120,60,"2,3,4",False,,0.6184831691297208,0.38095238095238093,0.28161708619374526,0.8333121161887954
M6,q2,random_forest,P-4D43A127BA,2160,20,"2,3,4",False,,0.4588874524168642,0.30952380952380953,0.2837301587301587,1.0448924125104475
M6,q2,random_forest,P-541A203CCD,2100,80,4,False,,,0.2375,0.1919191919191919,1.0446765124225559
M6,q2,random_forest,P-547A3B4455,2160,20,3,False,,,0.7,0.2745098039215686,0.9368738207299965
M6,q2,random_forest,P-54C61641A8,2140,40,"2,3,4",False,,0.5901078453710032,0.4646464646464647,0.2925724637681159,0.9803379805717896
M6,q2,random_forest,P-54FD02BC9C,2140,40,"2,3,4",False,,0.5956808688387636,0.3252525252525253,0.2867965367965368,0.9557182052316395
M6,q2,random_forest,P-5E54A83C78,2140,40,"1,2,3,4",False,,0.7707081424322804,0.3659090909090909,0.29377104377104374,1.5218593356647876
M6,q2,random_forest,P-67DCF8869F,2160,20,"2,3",False,,0.640625,0.22916666666666666,0.1623931623931624,1.2372727443852214
M6,q2,random_forest,P-77327DFF2A,2160,20,"1,2,3,4",False,,0.616386217948718,0.21875,0.11904761904761904,1.5261833948680965
M6,q2,random_forest,P-7A6E877C97,2140,40,"2,3,4",False,,0.6181716163167775,0.4623655913978495,0.2689781980562122,1.0068177806602685
M6,q2,random_forest,P-7BC40AF359,2160,20,"1,2,3",False,,0.4270833333333333,0.15277777777777776,0.11858974358974358,2.2543695249943894
M6,q2,random_forest,P-7E974EA92D,2160,20,"2,3,4",False,,0.20138888888888892,0.2380952380952381,0.2222222222222222,1.0333011065822635
M6,q2,random_forest,P-8016036889,2120,60,"1,2,3",False,,0.582909116709883,0.24,0.1232876712328767,1.6279686942024392
M6,q2,random_forest,P-80904DAF11,2160,20,"2,3,4",False,,0.6347860837992417,0.376984126984127,0.3421052631578947,0.8539491860658452
M6,q2,random_forest,P-826248DDD8,2140,40,"3,4",False,,0.5078369905956113,0.5172413793103449,0.25333333333333335,1.019345729036754
M6,q2,random_forest,P-8405CEC183,2160,20,3,False,,,0.3,0.23076923076923078,0.8631044958064319
M6,q2,random_forest,P-8EB079D859,2160,20,"3,4",False,,0.5294117647058824,0.4607843137254902,0.4357366771159875,0.8342349779058917
M6,q2,random_forest,P-8EB2F3E5EB,2140,40,"2,3",False,,0.7013888888888888,0.2777777777777778,0.2380952380952381,0.9155590036660659
M6,q2,random_forest,P-90ADD44D40,2160,20,"1,2,3,4",False,,0.7375888817065287,0.4285714285714286,0.2638888888888889,2.1651808613527153
M6,q2,random_forest,P-942BF8DF1B,2120,60,"1,3,4",False,,0.6066577143740391,0.30994152046783624,0.2019675925925926,1.0100174828244712
M6,q2,random_forest,P-95F33174C1,2120,60,"3,4",False,,0.6156840934371524,0.5539488320355951,0.48412698412698413,0.783271204972881
M6,q2,random_forest,P-9EF7F8A151,2160,20,"3,4",False,,0.0,0.07894736842105263,0.13043478260869565,1.0245151569646258
M6,q2,random_forest,P-AE146C9DF8,2140,40,4,False,,,0.1,0.09090909090909091,1.160991926605492
M6,q2,random_forest,P-AE42FA6330,2160,20,"2,3,4",False,,0.5570697577276524,0.38095238095238093,0.11666666666666665,1.9063705914266187
M6,q2,random_forest,P-AF79D1DE3B,2160,20,"2,3,4",False,,0.4292836792836792,0.3203463203463204,0.280952380952381,0.984582594764514
M6,q2,random_forest,P-B561FC8AA0,2160,20,"3,4",False,,0.25,0.5555555555555556,0.2,1.0060701005682695
M6,q2,random_forest,P-B687D84AC3,2160,20,"3,4",False,,0.5773809523809523,0.5,0.23076923076923078,1.03491936270497
M6,q2,random_forest,P-BAAF612E97,2160,20,"2,3",False,,0.6145833333333334,0.5,0.375,1.147067314257963
M6,q2,random_forest,P-BABD47FD2A,2140,40,"2,3,4",False,,0.4998808103886938,0.2380952380952381,0.19999999999999998,1.1768810078885186
M6,q2,random_forest,P-BD38D55D80,2120,60,"2,3,4",False,,0.5293001396362741,0.3424836601307189,0.2576271186440678,1.1371297034849153
M6,q2,random_forest,P-BD4404A67C,2120,60,"1,2,3,4",False,,0.7729870561672708,0.3497536945812808,0.3269088213491475,0.9470640639902519
M6,q2,random_forest,P-C27F41C52B,2120,60,"3,4",False,,0.6302952503209243,0.625160462130937,0.42518205308902984,0.8918135466383661
M6,q2,random_forest,P-C783B3EE0A,2140,40,4,False,,,0.0,0.0,1.2892213584008512
M6,q2,random_forest,P-CB0D54D7B6,2160,20,"2,3,4",False,,0.44169767853978376,0.2851851851851852,0.26916221033868093,1.0198654182535867
M6,q2,random_forest,P-CE34173F77,2160,20,"3,4",False,,0.609375,0.65625,0.5604395604395604,0.845190160105283
M6,q2,random_forest,P-D7469723BB,2160,20,"2,3,4",False,,0.690008639021797,0.27272727272727276,0.23076923076923075,1.2835118256219713
M6,q2,random_forest,P-ECFB6C2EB9,2160,20,"3,4",False,,0.25,0.4,0.375,0.9410750973747664
M6,q2,random_forest,P-EDDA35F3C7,2160,20,"1,2,3",False,,0.585998329156224,0.2714285714285714,0.16666666666666666,1.4526810285887855
M6,q2,random_forest,P-EFFF04CC6B,2140,40,"3,4",False,,0.20684523809523808,0.39285714285714285,0.23655913978494625,0.996781331677808
M6,q2,random_forest,P-F3CCAA8842,2120,60,"2,3,4",False,,0.58223931663871,0.42299898682877407,0.3249212775528565,1.0006543686384237
M6,q2,random_forest,P-FE9CDC44BE,2140,40,"2,3",False,,0.7477477477477478,0.3963963963963964,0.2616161616161616,0.9970252088101071
M7,q1,logistic,P-001F33A876,2120,60,"1,2,3",False,,0.7579409755526553,0.37002583979328163,0.35407407407407404,0.7116376528398654
M7,q1,logistic,P-07BDD08C0C,2120,60,"1,2,3",False,,0.5957654320987654,0.3333333333333333,0.28205128205128205,0.8221880096550501
M7,q1,logistic,P-100AE58C58,2160,20,"1,2,3",False,,0.5508578431372549,0.3333333333333333,0.25806451612903225,1.2568134406024745
M7,q1,logistic,P-11AD0DCE87,2140,40,1,False,,,1.0,1.0,0.2933656245004948
M7,q1,logistic,P-12AD0E59EB,2160,20,"1,2",False,,0.39473684210526316,0.42105263157894735,0.4444444444444444,0.7036533513924147
M7,q1,logistic,P-18A2FC7D4E,2120,60,"1,2,3",False,,0.8586378461944534,0.3448275862068966,0.24694132334581773,0.89021630381345
M7,q1,logistic,P-1A38BC21DA,2120,60,"1,2,3",False,,0.5522642385527582,0.3333333333333333,0.26666666666666666,0.9398243536572998
M7,q1,logistic,P-1A815101A0,2140,40,"1,2,3",False,,0.9189994313482218,0.4166666666666667,0.4328502415458937,0.522504024833516
M7,q1,logistic,P-1CA9C1E745,2140,40,1,False,,,1.0,1.0,0.2429369071808102
M7,q1,logistic,P-244F9886F5,2160,20,"1,2,3",False,,0.4748677248677248,0.3333333333333333,0.15384615384615385,2.1646591438731546
M7,q1,logistic,P-247758AEAC,2140,40,"1,2",False,,0.7852664576802507,0.4827586206896552,0.4117647058823529,0.652717323119525
M7,q1,logistic,P-326C04EAEB,2160,20,"1,2",False,,0.7362637362637363,0.5,0.3939393939393939,0.7245990525119594
M7,q1,logistic,P-390B245CCC,2140,40,"1,2",False,,0.619949494949495,0.5,0.3548387096774194,1.0983149009857247
M7,q1,logistic,P-39DC795FB0,2120,60,"1,2,4",False,,0.541155597384738,0.3333333333333333,0.29559748427672955,0.791411349927197
M7,q1,logistic,P-3D44F7B564,2160,20,1,False,,,0.7,0.4117647058823529,0.6259059487365081
M7,q1,logistic,P-3FD25AB949,2160,20,"1,2,3",False,,0.8593223905723906,0.3333333333333333,0.23655913978494625,0.8626155666616346
M7,q1,logistic,P-42CD4FF02E,2160,20,"1,2,3",False,,0.6873346560846562,0.3055555555555555,0.23655913978494625,1.0030256304222938
M7,q1,logistic,P-484A6A61BE,2120,60,"1,2,3,4",False,,0.6046312087807595,0.2375,0.12179487179487179,1.6887169631724324
M7,q1,logistic,P-48B7FC4062,2160,20,"1,2,3",False,,0.6240087145969498,0.3333333333333333,0.29411764705882354,0.8392442040591236
M7,q1,logistic,P-4CEF5A2144,2140,40,"1,2",False,,0.9054054054054055,0.5,0.4805194805194805,0.3554182413274933
M7,q1,logistic,P-4D14B12359,2120,60,1,False,,,0.9833333333333333,0.4957983193277311,0.38160211172963066
M7,q1,logistic,P-4D43A127BA,2160,20,"1,2",False,,0.4765625,0.46875,0.42857142857142855,0.7100496352892548
M7,q1,logistic,P-541A203CCD,2100,80,"1,4",False,,0.5662499999999999,0.5,0.2,2.990122915921412
M7,q1,logistic,P-547A3B4455,2160,20,"2,3",False,,0.4375,0.0,0.0,1.7228423308171927
M7,q1,logistic,P-54C61641A8,2140,40,"1,2",False,,0.9079670329670331,0.5714285714285714,0.53125,0.6408675121091566
M7,q1,logistic,P-54FD02BC9C,2140,40,"1,2",False,,0.7619047619047619,0.6277056277056277,0.6571428571428571,0.5541534454700188
M7,q1,logistic,P-5E54A83C78,2140,40,"1,2,3,4",False,,0.46282912085846534,0.23529411764705882,0.1568627450980392,2.1496208144879123
M7,q1,logistic,P-67DCF8869F,2160,20,"1,2,4",False,,0.6728976034858388,0.3333333333333333,0.29411764705882354,2.0366289668451394
M7,q1,logistic,P-77327DFF2A,2160,20,"1,2,4",False,,0.7747007894066718,0.393939393939394,0.2692307692307692,1.2895462762818548
M7,q1,logistic,P-7A6E877C97,2140,40,1,False,,,1.0,1.0,0.29241178979457577
M7,q1,logistic,P-7BC40AF359,2160,20,"1,2,4",False,,0.6369395711500975,0.2962962962962963,0.30476190476190473,0.6864421111967209
M7,q1,logistic,P-7E974EA92D,2160,20,"1,2,3",False,,0.46239810384547225,0.3333333333333333,0.23655913978494625,1.0398007169045689
M7,q1,logistic,P-8016036889,2120,60,"1,2,3,4",False,,0.7031970765317621,0.25,0.11038961038961038,1.453750278961374
M7,q1,logistic,P-80904DAF11,2160,20,"1,2,3",False,,0.7061838624338624,0.4166666666666667,0.4161616161616162,0.8756593760849457
M7,q1,logistic,P-826248DDD8,2140,40,"1,4",False,,0.8205128205128205,0.5,0.4936708860759494,0.35493215708958337
M7,q1,logistic,P-8405CEC183,2160,20,"1,2,3,4",False,,0.40072363674337363,0.2847222222222222,0.23148148148148145,1.5464584917728508
M7,q1,logistic,P-8EB079D859,2160,20,1,False,,,1.0,1.0,0.40445257481429364
M7,q1,logistic,P-8EB2F3E5EB,2140,40,1,False,,,0.975,0.4936708860759494,0.42607196447372847
M7,q1,logistic,P-90ADD44D40,2160,20,"1,2,3,4",False,,0.5601735886662357,0.25,0.11538461538461539,2.257709497847367
M7,q1,logistic,P-942BF8DF1B,2120,60,"1,2,3,4",False,,0.5847172796550727,0.2752659574468085,0.26096491228070173,0.8260775587362684
M7,q1,logistic,P-95F33174C1,2120,60,1,False,,,1.0,1.0,0.4596590492426506
M7,q1,logistic,P-9EF7F8A151,2160,20,"1,2,3,4",False,,0.6950943793049056,0.29545454545454547,0.21692307692307694,1.0649351133011926
M7,q1,logistic,P-AE146C9DF8,2140,40,"1,2,3",False,,0.6339628253690753,0.42857142857142855,0.45291005291005293,0.6097882573222859
M7,q1,logistic,P-AE42FA6330,2160,20,"1,2,3,4",False,,0.7037815126050421,0.25,0.12962962962962962,1.6526127291174177
M7,q1,logistic,P-AF79D1DE3B,2160,20,"1,2,3,4",False,,0.7190765237514464,0.25,0.10416666666666667,2.0226847226251055
M7,q1,logistic,P-B561FC8AA0,2160,20,"1,2",False,,0.9607843137254901,0.5,0.4594594594594595,0.4210899744178141
M7,q1,logistic,P-B687D84AC3,2160,20,1,False,,,1.0,1.0,0.2682476453839663
M7,q1,logistic,P-BAAF612E97,2160,20,"1,2,3",False,,0.7426739926739927,0.3888888888888889,0.36607142857142855,0.7908093714902451
M7,q1,logistic,P-BABD47FD2A,2140,40,"1,2",False,,0.9057142857142857,0.6,0.6396396396396397,0.40636047676304815
M7,q1,logistic,P-BD38D55D80,2120,60,1,False,,,0.9833333333333333,0.4957983193277311,0.33534697886770315
M7,q1,logistic,P-BD4404A67C,2120,60,"1,2,3,4",False,,0.43659400498225415,0.2833333333333333,0.24236874236874237,1.304671020059614
M7,q1,logistic,P-C27F41C52B,2120,60,"1,2,4",False,,0.701508850737166,0.3466666666666667,0.2693686242073339,0.9570631299814379
M7,q1,logistic,P-C783B3EE0A,2140,40,"1,3",False,,0.881578947368421,0.5,0.48717948717948717,0.42870678404170376
M7,q1,logistic,P-CB0D54D7B6,2160,20,"1,2,3,4",False,,0.8035502079619726,0.25,0.16666666666666666,1.315726086211409
M7,q1,logistic,P-CE34173F77,2160,20,"1,2,3",False,,0.7963980463980463,0.3076923076923077,0.25806451612903225,0.876951552425578
M7,q1,logistic,P-D7469723BB,2160,20,"1,2,4",False,,0.7861274509803922,0.3333333333333333,0.25,1.1404444604412904
M7,q1,logistic,P-ECFB6C2EB9,2160,20,"1,2",False,,1.0,0.9736842105263157,0.8198198198198199,0.4904456510435085
M7,q1,logistic,P-EDDA35F3C7,2160,20,"1,2,3,4",False,,0.5564375371360666,0.25,0.047619047619047616,2.7863262467445256
M7,q1,logistic,P-EFFF04CC6B,2140,40,"1,2",False,,0.44791666666666663,0.5208333333333333,0.4666666666666667,0.9265966593167793
M7,q1,logistic,P-F3CCAA8842,2120,60,1,False,,,0.9833333333333333,0.4957983193277311,0.4158781738055566
M7,q1,logistic,P-FE9CDC44BE,2140,40,"1,2,3",False,,0.5103165064102564,0.34375,0.12165129556433905,1.360561475076365
M7,q1,random_forest,P-001F33A876,2120,60,"1,2,3",False,,0.712175184131094,0.3333333333333333,0.27831715210355984,0.7113731726869511
M7,q1,random_forest,P-07BDD08C0C,2120,60,"1,2,3",False,,0.589394266741489,0.34393939393939393,0.32095238095238093,0.8999258522576673
M7,q1,random_forest,P-100AE58C58,2160,20,"1,2,3",False,,0.5141094771241831,0.3333333333333333,0.25806451612903225,1.2148568766477317
M7,q1,random_forest,P-11AD0DCE87,2140,40,1,False,,,1.0,1.0,0.38795351370746706
M7,q1,random_forest,P-12AD0E59EB,2160,20,"1,2",False,,0.368421052631579,0.47368421052631576,0.47368421052631576,0.5312194165813255
M7,q1,random_forest,P-18A2FC7D4E,2120,60,"1,2,3",False,,0.8252862879659132,0.3333333333333333,0.2222222222222222,0.904035450176374
M7,q1,random_forest,P-1A38BC21DA,2120,60,"1,2,3",False,,0.5538876755652622,0.3333333333333333,0.26666666666666666,0.9894646928767439
M7,q1,random_forest,P-1A815101A0,2140,40,"1,2,3",False,,0.7823054521643232,0.3333333333333333,0.29107981220657275,0.6183305561946478
M7,q1,random_forest,P-1CA9C1E745,2140,40,1,False,,,1.0,1.0,0.17125274863786327
M7,q1,random_forest,P-244F9886F5,2160,20,"1,2,3",False,,0.445562063209122,0.3333333333333333,0.15384615384615385,2.0639708196392075
M7,q1,random_forest,P-247758AEAC,2140,40,"1,2",False,,0.5768025078369906,0.5109717868338558,0.48051948051948057,0.738029924067445
M7,q1,random_forest,P-326C04EAEB,2160,20,"1,2",False,,0.7087912087912087,0.5,0.3939393939393939,0.6723928068675937
M7,q1,random_forest,P-390B245CCC,2140,40,"1,2",False,,0.6704545454545454,0.5,0.3548387096774194,0.8731544611759009
M7,q1,random_forest,P-39DC795FB0,2120,60,"1,2,4",False,,0.6916453721574706,0.3333333333333333,0.29283489096573206,0.7034539016506788
M7,q1,random_forest,P-3D44F7B564,2160,20,1,False,,,1.0,1.0,0.6073323043139919
M7,q1,random_forest,P-3FD25AB949,2160,20,"1,2,3",False,,0.9315025252525254,0.3333333333333333,0.23655913978494625,0.8538177166518042
M7,q1,random_forest,P-42CD4FF02E,2160,20,"1,2,3",False,,0.6339285714285715,0.2777777777777778,0.2380952380952381,0.9589858090635357
M7,q1,random_forest,P-484A6A61BE,2120,60,"1,2,3,4",False,,0.6448872838430765,0.25,0.12658227848101267,1.6428075647105727
M7,q1,random_forest,P-48B7FC4062,2160,20,"1,2,3",False,,0.6238997821350762,0.3333333333333333,0.2857142857142857,0.8245221589952638
M7,q1,random_forest,P-4CEF5A2144,2140,40,"1,2",False,,0.5315315315315315,0.5,0.4805194805194805,0.4920197821912483
M7,q1,random_forest,P-4D14B12359,2120,60,1,False,,,1.0,1.0,0.39250496831109066
M7,q1,random_forest,P-4D43A127BA,2160,20,"1,2",False,,0.4765625,0.5,0.4444444444444444,0.74694566359974
M7,q1,random_forest,P-541A203CCD,2100,80,"1,4",False,,0.5004166666666666,0.5,0.2,2.585328754092475
M7,q1,random_forest,P-547A3B4455,2160,20,"2,3",False,,0.3515625,0.0,0.0,1.884067425832151
M7,q1,random_forest,P-54C61641A8,2140,40,"1,2",False,,0.8846153846153846,0.5,0.3939393939393939,0.6633672888516786
M7,q1,random_forest,P-54FD02BC9C,2140,40,"1,2",False,,0.7575757575757576,0.5714285714285714,0.5833333333333333,0.583072704548553
M7,q1,random_forest,P-5E54A83C78,2140,40,"1,2,3,4",False,,0.6301803694117599,0.47058823529411764,0.22756410256410253,1.6165776347226397
M7,q1,random_forest,P-67DCF8869F,2160,20,"1,2,4",False,,0.6770806100217864,0.5,0.4458333333333333,0.8548643667893494
M7,q1,random_forest,P-77327DFF2A,2160,20,"1,2,4",False,,0.6781470163823103,0.3333333333333333,0.15384615384615385,1.585957301912598
M7,q1,random_forest,P-7A6E877C97,2140,40,1,False,,,1.0,1.0,0.27520724746227654
M7,q1,random_forest,P-7BC40AF359,2160,20,"1,2,4",False,,0.8659844054580897,0.3333333333333333,0.3157894736842105,0.6738639331174803
M7,q1,random_forest,P-7E974EA92D,2160,20,"1,2,3",False,,0.41976231614389503,0.3446969696969697,0.296551724137931,1.0461398121141825
M7,q1,random_forest,P-8016036889,2120,60,"1,2,3,4",False,,0.6980985384322728,0.25,0.1118421052631579,1.394280994745802
M7,q1,random_forest,P-80904DAF11,2160,20,"1,2,3",False,,0.6012731481481483,0.3333333333333333,0.2745098039215686,0.93058956078539
M7,q1,random_forest,P-826248DDD8,2140,40,"1,4",False,,0.858974358974359,0.5,0.4936708860759494,0.3707428599929391
M7,q1,random_forest,P-8405CEC183,2160,20,"1,2,3,4",False,,0.4056127534745956,0.25,0.15517241379310345,1.5813983270461467
M7,q1,random_forest,P-8EB079D859,2160,20,1,False,,,1.0,1.0,0.3893645338211937
M7,q1,random_forest,P-8EB2F3E5EB,2140,40,1,False,,,1.0,1.0,0.40295843971207584
M7,q1,random_forest,P-90ADD44D40,2160,20,"1,2,3,4",False,,0.6489408263305323,0.25,0.11538461538461539,2.144953968280496
M7,q1,random_forest,P-942BF8DF1B,2120,60,"1,2,3,4",False,,0.5320079898689483,0.2393617021276596,0.21428571428571427,0.8076889800349352
M7,q1,random_forest,P-95F33174C1,2120,60,1,False,,,1.0,1.0,0.3866197356275
M7,q1,random_forest,P-9EF7F8A151,2160,20,"1,2,3,4",False,,0.7129931472036736,0.25,0.12962962962962962,1.147657822425502
M7,q1,random_forest,P-AE146C9DF8,2140,40,"1,2,3",False,,0.7597849199411698,0.3333333333333333,0.2962962962962963,0.5988715241644427
M7,q1,random_forest,P-AE42FA6330,2160,20,"1,2,3,4",False,,0.6985024779142426,0.25,0.12962962962962962,1.7024460257525607
M7,q1,random_forest,P-AF79D1DE3B,2160,20,"1,2,3,4",False,,0.7695693779904307,0.25,0.1,1.7472920023334115
M7,q1,random_forest,P-B561FC8AA0,2160,20,"1,2",False,,0.9313725490196079,0.5,0.4594594594594595,0.424681090615013
M7,q1,random_forest,P-B687D84AC3,2160,20,1,False,,,1.0,1.0,0.1844802461151751
M7,q1,random_forest,P-BAAF612E97,2160,20,"1,2,3",False,,0.7655838313733051,0.3888888888888889,0.3629032258064517,0.7713559873888562
M7,q1,random_forest,P-BABD47FD2A,2140,40,"1,2",False,,0.7971428571428572,0.5,0.4666666666666667,0.4619902148460242
M7,q1,random_forest,P-BD38D55D80,2120,60,1,False,,,1.0,1.0,0.3485976299306632
M7,q1,random_forest,P-BD4404A67C,2120,60,"1,2,3,4",False,,0.553406938267163,0.2593137254901961,0.20875959079283887,1.155660120864334
M7,q1,random_forest,P-C27F41C52B,2120,60,"1,2,4",False,,0.6752478389008797,0.3333333333333333,0.24113475177304966,0.892772617962605
M7,q1,random_forest,P-C783B3EE0A,2140,40,"1,3",False,,0.8026315789473684,0.5,0.48717948717948717,0.4282108611116412
M7,q1,random_forest,P-CB0D54D7B6,2160,20,"1,2,3,4",False,,0.7081635684576861,0.25,0.15517241379310345,1.4670131362072307
M7,q1,random_forest,P-CE34173F77,2160,20,"1,2,3",False,,0.7620975515712359,0.3333333333333333,0.2626262626262626,0.8079097134147679
M7,q1,random_forest,P-D7469723BB,2160,20,"1,2,4",False,,0.7987500000000001,0.3333333333333333,0.25,1.0834488432248686
M7,q1,random_forest,P-ECFB6C2EB9,2160,20,"1,2",False,,1.0,0.5,0.48717948717948717,0.4303532836952611
M7,q1,random_forest,P-EDDA35F3C7,2160,20,"1,2,3,4",False,,0.5419591131907309,0.25,0.045454545454545456,2.493238875888842
M7,q1,random_forest,P-EFFF04CC6B,2140,40,"1,2",False,,0.6080729166666667,0.5,0.375,0.8775474172594953
M7,q1,random_forest,P-F3CCAA8842,2120,60,1,False,,,1.0,1.0,0.3301168039896316
M7,q1,random_forest,P-FE9CDC44BE,2140,40,"1,2,3",False,,0.49279583263958265,0.3645833333333333,0.1632034632034632,1.2150335867457636
M7,q2,logistic,P-001F33A876,2120,60,"2,3,4",False,,0.36418766557981286,0.3328834907782276,0.19174603174603175,1.1160722204951308
M7,q2,logistic,P-07BDD08C0C,2120,60,"2,3,4",False,,0.511864533492823,0.27056277056277056,0.24250440917107582,1.0684206409881334
M7,q2,logistic,P-100AE58C58,2160,20,4,False,,,0.15,0.13043478260869565,0.9981939365265665
M7,q2,logistic,P-11AD0DCE87,2140,40,"2,3",False,,0.6410256410256411,0.46153846153846156,0.3157894736842105,0.6999066312395167
M7,q2,logistic,P-12AD0E59EB,2160,20,4,False,,,0.15,0.13043478260869565,1.1072425284748575
M7,q2,logistic,P-18A2FC7D4E,2120,60,"2,3",False,,0.6443749999999999,0.3375,0.15833666533386645,1.4594034645471972
M7,q2,logistic,P-1A38BC21DA,2120,60,"3,4",False,,0.2872727272727273,0.22727272727272727,0.29411764705882354,0.8837305020196992
M7,q2,logistic,P-1A815101A0,2140,40,"3,4",False,,0.6684587813620072,0.532258064516129,0.25209542230818827,0.9022627155183116
M7,q2,logistic,P-1CA9C1E745,2140,40,"2,3,4",False,,0.6101190476190477,0.3194444444444444,0.2916666666666667,0.922565056234976
M7,q2,logistic,P-244F9886F5,2160,20,"3,4",False,,0.546875,0.5625,0.29292929292929293,1.0256914159654889
M7,q2,logistic,P-247758AEAC,2140,40,"2,3",False,,0.5085714285714286,0.4857142857142857,0.30630630630630634,0.8443097854650228
M7,q2,logistic,P-326C04EAEB,2160,20,"2,3,4",False,,0.7156986531986531,0.3636363636363636,0.2530864197530864,0.8974951618564875
M7,q2,logistic,P-390B245CCC,2140,40,"2,3,4",False,,0.6667772880477054,0.50207336523126,0.4849206349206349,1.0754133198234457
M7,q2,logistic,P-39DC795FB0,2120,60,"1,2,3,4",False,,0.6206228841839859,0.2686063936063936,0.1775,1.3790131284457368
M7,q2,logistic,P-3D44F7B564,2160,20,"2,3,4",False,,0.3764880952380952,0.3055555555555555,0.23232323232323235,1.2148549766362033
M7,q2,logistic,P-3FD25AB949,2160,20,"2,3,4",False,,0.5364943292574872,0.3636363636363636,0.2530864197530864,0.9433412130514218
M7,q2,logistic,P-42CD4FF02E,2160,20,"2,3,4",False,,0.5297210197210197,0.35185185185185186,0.28,1.105077144187575
M7,q2,logistic,P-484A6A61BE,2120,60,"1,2,3,4",False,,0.5312129009239432,0.3373015873015873,0.2329192546583851,1.6802052409683292
M7,q2,logistic,P-48B7FC4062,2160,20,"2,3,4",False,,0.6118713450292398,0.3333333333333333,0.1388888888888889,1.0375850480962738
M7,q2,logistic,P-4CEF5A2144,2140,40,"2,3,4",False,,0.522903540903541,0.3180952380952381,0.273015873015873,0.9634104210749536
M7,q2,logistic,P-4D14B12359,2120,60,"2,3,4",False,,0.5432060755336617,0.4523809523809524,0.2051282051282051,0.9377057898408896
M7,q2,logistic,P-4D43A127BA,2160,20,"2,3,4",False,,0.7442275371687136,0.34761904761904766,0.28835978835978837,0.9741367225075205
M7,q2,logistic,P-541A203CCD,2100,80,4,False,,,0.1875,0.15789473684210525,0.8800341123552269
M7,q2,logistic,P-547A3B4455,2160,20,3,False,,,0.75,0.42857142857142855,0.7922334740541539
M7,q2,logistic,P-54C61641A8,2140,40,"2,3,4",False,,0.4605209994683679,0.3636363636363636,0.1349206349206349,1.0665033990735844
M7,q2,logistic,P-54FD02BC9C,2140,40,"2,3,4",False,,0.8679365079365079,0.5191919191919192,0.43008678881388623,0.8190192069592122
M7,q2,logistic,P-5E54A83C78,2140,40,"1,2,3,4",False,,0.8449528058148748,0.4928571428571429,0.4449753145405319,1.2878765780445374
M7,q2,logistic,P-67DCF8869F,2160,20,"2,3",False,,0.703125,0.1875,0.11764705882352942,3.206794323611633
M7,q2,logistic,P-77327DFF2A,2160,20,"1,2,3,4",False,,0.6376548342008869,0.28125,0.19433198380566802,1.5290718153776082
M7,q2,logistic,P-7A6E877C97,2140,40,"2,3,4",False,,0.7076621437105309,0.4220430107526882,0.29333333333333333,0.962232638160442
M7,q2,logistic,P-7BC40AF359,2160,20,"1,2,3",False,,0.5342261904761905,0.2777777777777778,0.13333333333333333,2.147134338472943
M7,q2,logistic,P-7E974EA92D,2160,20,"2,3,4",False,,0.2611607142857143,0.3333333333333333,0.2745098039215686,0.9459185021580083
M7,q2,logistic,P-8016036889,2120,60,"1,2,3",False,,0.5340468910966996,0.21333333333333335,0.11594202898550725,1.7166718045481058
M7,q2,logistic,P-80904DAF11,2160,20,"2,3,4",False,,0.7913553916843391,0.5555555555555555,0.5132275132275131,0.8364478913393663
M7,q2,logistic,P-826248DDD8,2140,40,"3,4",False,,0.5626959247648903,0.5015673981191222,0.4,0.8424697730885411
M7,q2,logistic,P-8405CEC183,2160,20,3,False,,,0.7,0.4117647058823529,0.7898319423004836
M7,q2,logistic,P-8EB079D859,2160,20,"3,4",False,,0.7450980392156863,0.5588235294117647,0.24812030075187969,1.0016149605258804
M7,q2,logistic,P-8EB2F3E5EB,2140,40,"2,3",False,,0.7777777777777779,0.4722222222222222,0.30630630630630634,0.7905176601487109
M7,q2,logistic,P-90ADD44D40,2160,20,"1,2,3,4",False,,0.7126632191338074,0.3,0.22333333333333333,1.9161778915314707
M7,q2,logistic,P-942BF8DF1B,2120,60,"1,3,4",False,,0.6232620833423689,0.35714285714285715,0.27567478604344964,1.0419587536675763
M7,q2,logistic,P-95F33174C1,2120,60,"3,4",False,,0.5133481646273637,0.5378197997775306,0.47248453272549656,0.8410456919363821
M7,q2,logistic,P-9EF7F8A151,2160,20,"3,4",False,,0.02631578947368421,0.02631578947368421,0.047619047619047616,1.0927381464700554
M7,q2,logistic,P-AE146C9DF8,2140,40,4,False,,,0.025,0.024390243902439025,1.1489237450086642
M7,q2,logistic,P-AE42FA6330,2160,20,"2,3,4",False,,0.4515977443609023,0.3333333333333333,0.03333333333333333,1.846863343227551
M7,q2,logistic,P-AF79D1DE3B,2160,20,"2,3,4",False,,0.3335460835460835,0.22077922077922077,0.16287878787878787,1.0839256977761078
M7,q2,logistic,P-B561FC8AA0,2160,20,"3,4",False,,0.7361111111111112,0.7222222222222222,0.45054945054945056,0.8893563882098009
M7,q2,logistic,P-B687D84AC3,2160,20,"3,4",False,,0.48214285714285715,0.5,0.23076923076923078,0.8864895891633854
M7,q2,logistic,P-BAAF612E97,2160,20,"2,3",False,,0.671875,0.4166666666666667,0.2222222222222222,1.2421027425715052
M7,q2,logistic,P-BABD47FD2A,2140,40,"2,3,4",False,,0.561068977875069,0.36309523809523814,0.30718954248366015,1.1692701444266285
M7,q2,logistic,P-BD38D55D80,2120,60,"2,3,4",False,,0.5440505743867089,0.3032679738562091,0.20338595287119654,1.101284543274429
M7,q2,logistic,P-BD4404A67C,2120,60,"1,2,3,4",False,,0.7152876875563654,0.3160919540229885,0.2837893017558187,1.0590615786938817
M7,q2,logistic,P-C27F41C52B,2120,60,"3,4",False,,0.4820282413350449,0.5301668806161746,0.5090016366612111,0.8191311445677907
M7,q2,logistic,P-C783B3EE0A,2140,40,4,False,,,0.05,0.047619047619047616,1.0865982316926648
M7,q2,logistic,P-CB0D54D7B6,2160,20,"2,3,4",False,,0.7362236399078504,0.38518518518518513,0.3859649122807018,0.8795496568077787
M7,q2,logistic,P-CE34173F77,2160,20,"3,4",False,,0.671875,0.625,0.52,0.8658884560693922
M7,q2,logistic,P-D7469723BB,2160,20,"2,3,4",False,,0.8317052099946837,0.6363636363636364,0.4047619047619048,1.241054774805694
M7,q2,logistic,P-ECFB6C2EB9,2160,20,"3,4",False,,0.395,0.39999999999999997,0.34065934065934067,0.9547184538364256
M7,q2,logistic,P-EDDA35F3C7,2160,20,"1,2,3",False,,0.6003091060985798,0.19999999999999998,0.06818181818181818,1.844230462918563
M7,q2,logistic,P-EFFF04CC6B,2140,40,"3,4",False,,0.34970238095238093,0.38690476190476186,0.3890909090909091,0.9013222123817339
M7,q2,logistic,P-F3CCAA8842,2120,60,"2,3,4",False,,0.6226154852989234,0.425531914893617,0.293631100082713,1.1302854427667033
M7,q2,logistic,P-FE9CDC44BE,2140,40,"2,3",False,,0.6531531531531531,0.2702702702702703,0.22598870056497175,0.8989885252450515
M7,q2,random_forest,P-001F33A876,2120,60,"2,3,4",False,,0.4714189634733214,0.3157894736842105,0.15384615384615385,1.2183414500896628
M7,q2,random_forest,P-07BDD08C0C,2120,60,"2,3,4",False,,0.5198448108908637,0.3365800865800866,0.23708010335917315,1.05018312848205
M7,q2,random_forest,P-100AE58C58,2160,20,4,False,,,0.0,0.0,1.2377479471629136
M7,q2,random_forest,P-11AD0DCE87,2140,40,"2,3",False,,0.9487179487179487,0.5,0.4936708860759494,0.5153432625412548
M7,q2,random_forest,P-12AD0E59EB,2160,20,4,False,,,0.0,0.0,1.3220450273264734
M7,q2,random_forest,P-18A2FC7D4E,2120,60,"2,3",False,,0.55875,0.5,0.25,1.51255808104692
M7,q2,random_forest,P-1A38BC21DA,2120,60,"3,4",False,,0.2509090909090909,0.2727272727272727,0.2673992673992674,0.928984079562548
M7,q2,random_forest,P-1A815101A0,2140,40,"3,4",False,,0.7186379928315412,0.564516129032258,0.3142857142857143,1.0043594841175434
M7,q2,random_forest,P-1CA9C1E745,2140,40,"2,3,4",False,,0.4406415343915344,0.2638888888888889,0.251984126984127,0.9810654644749022
M7,q2,random_forest,P-244F9886F5,2160,20,"3,4",False,,0.5546875,0.5,0.16666666666666666,1.0619812239314843
M7,q2,random_forest,P-247758AEAC,2140,40,"2,3",False,,0.28,0.4857142857142857,0.30630630630630634,0.833962204717737
M7,q2,random_forest,P-326C04EAEB,2160,20,"2,3,4",False,,0.7417153996101365,0.3333333333333333,0.19047619047619047,0.9082352487000765
M7,q2,random_forest,P-390B245CCC,2140,40,"2,3,4",False,,0.7428465364037052,0.3333333333333333,0.21468926553672316,1.0003624282046297
M7,q2,random_forest,P-39DC795FB0,2120,60,"1,2,3,4",False,,0.609514671612633,0.21503496503496505,0.17402333840690004,1.3022816810982536
M7,q2,random_forest,P-3D44F7B564,2160,20,"2,3,4",False,,0.46527777777777773,0.3333333333333333,0.15384615384615385,1.192695317559019
M7,q2,random_forest,P-3FD25AB949,2160,20,"2,3,4",False,,0.5609881711855396,0.3636363636363636,0.2530864197530864,1.0201732594162678
M7,q2,random_forest,P-42CD4FF02E,2160,20,"2,3,4",False,,0.6366570466570466,0.3333333333333333,0.20689655172413793,1.0743347381038666
M7,q2,random_forest,P-484A6A61BE,2120,60,"1,2,3,4",False,,0.5924746621341048,0.3333333333333333,0.2517482517482518,1.6373612802945012
M7,q2,random_forest,P-48B7FC4062,2160,20,"2,3,4",False,,0.5715622389306599,0.26666666666666666,0.1111111111111111,1.0955858880337328
M7,q2,random_forest,P-4CEF5A2144,2140,40,"2,3,4",False,,0.5578485958485958,0.3333333333333333,0.19858156028368792,1.107942234452428
M7,q2,random_forest,P-4D14B12359,2120,60,"2,3,4",False,,0.5724035303776683,0.255952380952381,0.27831715210355984,0.7295586708604717
M7,q2,random_forest,P-4D43A127BA,2160,20,"2,3,4",False,,0.4933828916181857,0.3333333333333333,0.2222222222222222,1.060262986220151
M7,q2,random_forest,P-541A203CCD,2100,80,4,False,,,0.1375,0.12087912087912088,1.0642438766125788
M7,q2,random_forest,P-547A3B4455,2160,20,3,False,,,0.85,0.4594594594594595,0.8259086252504249
M7,q2,random_forest,P-54C61641A8,2140,40,"2,3,4",False,,0.5146092503987241,0.27272727272727276,0.27692307692307694,0.8338088216031643
M7,q2,random_forest,P-54FD02BC9C,2140,40,"2,3,4",False,,0.6537419305840358,0.3333333333333333,0.3013698630136986,0.7671907269457714
M7,q2,random_forest,P-5E54A83C78,2140,40,"1,2,3,4",False,,0.7502757300171093,0.3431818181818182,0.2733785822021116,1.5539345545674554
M7,q2,random_forest,P-67DCF8869F,2160,20,"2,3",False,,0.65625,0.3125,0.14492753623188406,1.2901258405193556
M7,q2,random_forest,P-77327DFF2A,2160,20,"1,2,3,4",False,,0.6392634229805283,0.3125,0.24814814814814815,1.5440293114080959
M7,q2,random_forest,P-7A6E877C97,2140,40,"2,3,4",False,,0.5488914490527393,0.26881720430107525,0.25641025641025644,0.8993944915136252
M7,q2,random_forest,P-7BC40AF359,2160,20,"1,2,3",False,,0.4503968253968254,0.2222222222222222,0.1,2.130839189692666
M7,q2,random_forest,P-7E974EA92D,2160,20,"2,3,4",False,,0.4593253968253968,0.3333333333333333,0.2745098039215686,0.9328905434846059
M7,q2,random_forest,P-8016036889,2120,60,"1,2,3",False,,0.61839429139046,0.3333333333333333,0.19607843137254902,1.5165767606347595
M7,q2,random_forest,P-80904DAF11,2160,20,"2,3,4",False,,0.6636764186106291,0.3055555555555555,0.23655913978494625,0.835078224712308
M7,q2,random_forest,P-826248DDD8,2140,40,"3,4",False,,0.5626959247648903,0.5172413793103449,0.25333333333333335,1.0058977512621898
M7,q2,random_forest,P-8405CEC183,2160,20,3,False,,,0.8,0.4444444444444444,0.6946821762498374
M7,q2,random_forest,P-8EB079D859,2160,20,"3,4",False,,0.48039215686274506,0.5294117647058824,0.1919191919191919,1.0746292671760358
M7,q2,random_forest,P-8EB2F3E5EB,2140,40,"2,3",False,,0.6770833333333333,0.5,0.47368421052631576,0.7093470651684386
M7,q2,random_forest,P-90ADD44D40,2160,20,"1,2,3,4",False,,0.7470221934927818,0.25,0.12962962962962962,2.096045334556082
M7,q2,random_forest,P-942BF8DF1B,2120,60,"1,3,4",False,,0.5199361628888837,0.3333333333333333,0.1728395061728395,1.184623620886812
M7,q2,random_forest,P-95F33174C1,2120,60,"3,4",False,,0.49666295884315903,0.5,0.34065934065934067,0.9432316681524515
M7,q2,random_forest,P-9EF7F8A151,2160,20,"3,4",False,,0.05263157894736842,0.5,0.047619047619047616,1.166411762387902
M7,q2,random_forest,P-AE146C9DF8,2140,40,4,False,,,0.0,0.0,1.36520150266519
M7,q2,random_forest,P-AE42FA6330,2160,20,"2,3,4",False,,0.36658151789730736,0.2857142857142857,0.17391304347826086,1.654679815776473
M7,q2,random_forest,P-AF79D1DE3B,2160,20,"2,3,4",False,,0.3971583971583972,0.3636363636363636,0.235042735042735,1.065883778578955
M7,q2,random_forest,P-B561FC8AA0,2160,20,"3,4",False,,0.5416666666666667,0.5,0.09090909090909091,1.1968629976993612
M7,q2,random_forest,P-B687D84AC3,2160,20,"3,4",False,,0.6428571428571428,0.5714285714285714,0.375,0.8333714660505157
M7,q2,random_forest,P-BAAF612E97,2160,20,"2,3",False,,0.6302083333333334,0.5,0.375,1.039042156752894
M7,q2,random_forest,P-BABD47FD2A,2140,40,"2,3,4",False,,0.4541799472394414,0.3432539682539682,0.27899686520376177,1.1552106213313134
M7,q2,random_forest,P-BD38D55D80,2120,60,"2,3,4",False,,0.4426893875913484,0.34313725490196073,0.1541827541827542,1.2826974108441587
M7,q2,random_forest,P-BD4404A67C,2120,60,"1,2,3,4",False,,0.7287671823583,0.2619047619047619,0.1875,0.9928885554108337
M7,q2,random_forest,P-C27F41C52B,2120,60,"3,4",False,,0.6129653401797175,0.5930680359435173,0.5833333333333334,0.8633285761494417
M7,q2,random_forest,P-C783B3EE0A,2140,40,4,False,,,0.05,0.047619047619047616,1.338396378286879
M7,q2,random_forest,P-CB0D54D7B6,2160,20,"2,3,4",False,,0.6109941520467838,0.3333333333333333,0.20689655172413793,0.92467146627367
M7,q2,random_forest,P-CE34173F77,2160,20,"3,4",False,,0.328125,0.5,0.16666666666666666,1.0183977643514925
M7,q2,random_forest,P-D7469723BB,2160,20,"2,3,4",False,,0.7815158160552897,0.3333333333333333,0.23655913978494625,1.253461032190647
M7,q2,random_forest,P-ECFB6C2EB9,2160,20,"3,4",False,,0.255,0.5,0.3333333333333333,0.9647330556643434
M7,q2,random_forest,P-EDDA35F3C7,2160,20,"1,2,3",False,,0.6660985797827902,0.35714285714285715,0.18333333333333335,1.4731329405703066
M7,q2,random_forest,P-EFFF04CC6B,2140,40,"3,4",False,,0.5758928571428571,0.5297619047619048,0.5144724556489262,0.8543760553568422
M7,q2,random_forest,P-F3CCAA8842,2120,60,"2,3,4",False,,0.6106262379958798,0.3149273893954745,0.15325077399380804,1.0668395704362772
M7,q2,random_forest,P-FE9CDC44BE,2140,40,"2,3",False,,0.8288288288288288,0.47297297297297297,0.319634703196347,0.8367015953623472
